id,permeability
0,42.023520000000005
1,0.9684856000000002
2,5.340033
3,5.386671
4,4.694039
5,12.719829999999998
6,5.266422
7,2.0998360000000003
8,0.7306804
9,6.8009770000000005
10,5.419612000000001
11,6.958207999999999
12,2.097791
13,3.9631530000000006
14,3.1879960000000005
15,7.257906
16,20.15744
17,3.5158859999999996
18,2.7490759999999996
19,0.4172083999999999
20,11.53016
21,2.2502950000000004
22,5.031022
23,1.4216849999999999
24,14.429929999999999
25,0.6480344
26,3.3898159999999997
27,0.9037348000000002
28,6.198862999999999
29,3.8275020000000004
30,19.411920000000002
31,0.4859909
32,0.4960656
33,4.490070999999999
34,4.616098999999999
35,3.0484709999999997
36,17.684890000000003
37,12.078240000000001
38,1.6785789999999998
39,2.198868
40,31.873810000000002
41,1.6845340000000004
42,5.449867
43,15.380260000000002
44,22.50407
45,1.4306270000000003
46,3.395816000000001
47,0.8560417000000001
48,0.44399060000000007
49,0.9982519
50,0.8471869999999999
51,0.8883268
52,28.813719999999996
53,0.32137289999999996
54,5.072235
55,14.199610000000002
56,1.6030749999999998
57,0.2710081
58,0.4106299
59,1.135985
60,1.2374986999999997
61,1.5150759999999999
62,44.60942
63,8.882767
64,8.123872
65,0.9500759000000001
66,0.49814759999999997
67,24.73073
68,1.1324609999999997
69,3.650233
70,6.6400239999999995
71,2.4264040000000002
72,1.3959309999999998
73,0.5091534
74,1.0311762
75,8.189927
76,2.497653
77,1.2655059999999998
78,1.8208010000000001
79,1.256005
80,6.603741000000001
81,1.29163
82,3.6892559999999994
83,34.379920000000006
84,0.8872576000000001
85,8.795727
86,0.6301631
87,4.261764
88,8.239416000000002
89,1.6670770000000001
90,2.667788
91,14.582169999999996
92,0.9422827999999999
93,8.898326999999998
94,0.8477707000000001
95,0.9211971999999999
96,0.5694419000000001
97,4.157161
98,9.447524000000001
99,0.9307487
100,9.290626
101,2.405024
102,1.0588175000000002
103,19.931449999999998
104,0.7745287000000001
105,1.435399
106,69.77295000000001
107,5.624965000000001
108,14.54301
109,6.597825
110,16.39144
111,7.6077699999999995
112,0.6918251000000001
113,0.7612934000000001
114,5.037059
115,7.072198
116,2.1546860000000003
117,11.55175
118,13.42116
119,2.532121
120,0.8789193
121,2.371245
122,0.2064838
123,8.384438999999999
124,8.501752999999999
125,0.2191004
126,0.4997113999999999
127,0.377947
128,9.587102
129,1.2925470000000001
130,7.956564999999999
131,3.801267
132,3.6963730000000004
133,0.3517512
134,3.2524420000000007
135,11.9646
136,0.638072
137,5.301949
138,22.222
139,1.9546509999999997
140,1.6169689999999999
141,11.83395
142,1.640026
143,3.1159369999999997
144,5.848231
145,0.7058224999999998
146,6.547990000000001
147,5.331067
148,2.823897
149,0.1907146
150,0.1536637
151,7.183421000000001
152,0.6614302000000001
153,0.6039025999999998
154,0.7454159000000001
155,25.70842
156,10.534143999999998
157,8.814676
158,0.5363812
159,3.820035
160,0.1270263
161,1.6340490000000003
162,31.14995
163,9.961168
164,4.647125
165,6.833139
166,4.471544
167,0.4719781
168,0.7984132999999999
169,2.960473
170,1.5982490000000003
171,17.569580000000002
172,0.4345095
173,1.0628361000000002
174,5.451078999999999
175,13.66683
176,7.107653999999999
177,0.6099932
178,6.251646999999999
179,1.0239056999999998
180,1.9432870000000002
181,1.7508589999999997
182,31.204629999999998
183,2.162913
184,6.498724
185,5.008947
186,10.97276
187,1.8112039999999996
188,5.377855
189,3.7019079999999995
190,14.356720000000001
191,0.6110072
192,3.102115
193,10.41418
194,9.166726
195,4.446744000000001
196,2.0986459999999996
197,1.6300979999999998
198,13.33827
199,1.885127
200,1.1342394000000002
201,4.439194
202,1.1671410000000002
203,13.07629
204,0.607789
205,3.769908
206,1.8367829999999998
207,6.168462999999999
208,12.299800000000001
209,12.73695
210,4.954241999999999
211,4.833461999999999
212,11.17734
213,13.278899999999998
214,10.48963
215,0.9562672000000001
216,6.107266
217,0.3727897000000001
218,1.548079
219,2.4769370000000004
220,3.209525
221,0.6080031
222,6.596000000000001
223,1.5059140000000002
224,2.4698680000000004
225,6.241124000000001
226,0.4949429
227,1.755929
228,0.7540498
229,2.367312
230,21.764310000000002
231,27.094330000000003
232,1.6565289999999997
233,29.333530000000003
234,11.275070000000001
235,10.97017
236,15.671870000000002
237,0.5833997999999999
238,0.6786938
239,4.137117000000001
240,6.603256
241,0.2289024
242,13.757259999999999
243,0.6799516
244,39.74861
245,0.5749156
246,3.7796299999999996
247,5.304089
248,9.24155
249,10.672104000000001
250,2.822958
251,12.775331999999997
252,0.08531916000000002
253,2.074812
254,3.465985
255,1.51545
256,1.0176462000000002
257,2.087925
258,8.086725999999999
259,2.4662219999999997
260,4.103801000000001
261,1.8876940000000002
262,39.294650000000004
263,4.617533
264,2.1398409999999997
265,3.0421750000000003
266,5.082434
267,1.438278
268,17.56082
269,2.62169
270,0.43074029999999996
271,4.623064000000001
272,11.465840000000004
273,8.043208
274,2.906268
275,10.957260000000002
276,0.7858811
277,0.5225287
278,5.748932999999999
279,8.746594000000002
280,0.3827252
281,17.93875
282,0.6577601000000001
283,0.3909907
284,0.7067904999999999
285,0.9776421000000001
286,0.29852710000000005
287,4.708606999999999
288,0.48810739999999997
289,1.0016422000000003
290,5.347833
291,3.740061
292,1.545837
293,5.893902
294,19.424169999999997
295,4.398852
296,14.50131
297,16.122259999999997
298,18.25522
299,3.3013269999999997
300,7.337217000000001
301,0.19451330000000003
302,0.12240690000000001
303,12.164390000000001
304,3.0409870000000003
305,0.6109205
306,10.27721
307,22.50286
308,11.353360999999998
309,0.7635482
310,3.4989439999999994
311,0.340715
312,7.008099999999999
313,1.837559
314,4.356135999999999
315,0.4681269
316,2.206299
317,0.2538799
318,8.574461000000001
319,2.354511
320,3.5109920000000003
321,16.65208
322,11.261894
323,0.4603226
324,8.763165999999998
325,15.493800000000002
326,24.79714
327,10.92195
328,5.913119999999999
329,81.17332999999999
330,5.41402
331,5.447562
332,5.659561
333,2.104674
334,7.379244999999999
335,0.4947907999999999
336,1.3141820000000002
337,8.011417999999999
338,40.34145
339,0.35979219999999995
340,0.9983155
341,2.9799499999999997
342,3.07524
343,2.0526989999999996
344,2.6617450000000002
345,1.179194
346,8.984772000000001
347,2.76321
348,2.79127
349,2.509208
350,5.450066000000001
351,3.278915
352,1.8381943
353,6.089969
354,4.218939
355,0.5576795
356,0.1552575
357,4.630890999999999
358,10.368423
359,17.037119999999998
360,8.47412
361,8.455311
362,17.66642
363,0.8002081000000001
364,5.571392
365,2.202096
366,0.4641236
367,8.157326999999999
368,0.1889279
369,1.678464
370,6.284732
371,13.951080000000001
372,8.894566000000001
373,4.346974000000001
374,1.496643
375,2.225109
376,1.3098189999999998
377,19.074419999999996
378,0.7477307999999999
379,13.465120000000002
380,1.2034479999999999
381,7.657742000000001
382,23.229799999999997
383,2.769133
384,11.049199999999999
385,0.5029627
386,3.755775
387,1.6772229999999997
388,0.7754135
389,2.9673740000000004
390,27.59704
391,6.753004
392,35.32611
393,1.15714
394,3.4774849999999993
395,10.263975
396,0.30941779999999997
397,11.460587
398,5.795423
399,0.1739559
400,0.5205502999999999
401,1.635119
402,24.356309999999997
403,21.171999999999997
404,5.072586
405,2.631927
406,2.0542540000000002
407,2.250228
408,2.448094
409,31.265210000000003
410,0.5647715
411,3.6534039999999997
412,2.82337
413,0.7048279999999998
414,4.082248
415,18.17303
416,2.8407119999999995
417,7.008007999999999
418,1.7970290000000002
419,1.4738289999999998
420,1.993878
421,6.7892529999999995
422,0.8068278
423,0.14192550000000004
424,11.097600000000002
425,7.717785999999999
426,7.212933
427,6.541969999999999
428,11.88602
429,1.240259
430,10.315492
431,0.49447660000000004
432,1.3306339999999999
433,10.188294
434,2.1098310000000007
435,1.6386949999999998
436,6.790431
437,3.671919999999999
438,5.355828000000001
439,1.443642
440,1.1643269999999997
441,4.609114
442,14.805419999999998
443,1.1690108
444,11.26179
445,1.143948
446,0.15841349999999998
447,0.9995820999999999
448,0.8198454999999999
449,9.13156
450,0.20887310000000006
451,0.30079549999999994
452,2.845867
453,34.88032
454,6.611095000000001
455,0.48103480000000004
456,7.477994
457,0.5917758
458,13.76291
459,38.9828
460,2.1057940000000004
461,0.3350406999999999
462,9.928657000000001
463,3.876482
464,30.90023
465,18.94063
466,0.9932551000000001
467,1.2030769999999997
468,0.9891342999999999
469,15.99133
470,0.5180662
471,10.197318
472,4.930218000000001
473,2.1603730000000003
474,6.284317000000001
475,4.467244
476,1.5173750000000001
477,2.451744
478,14.51079
479,1.0329658
480,28.37672
481,1.0149906000000002
482,5.34079
483,7.449565
484,2.183078
485,41.17005
486,6.056398999999999
487,0.5578263
488,6.893699000000001
489,2.543682
490,0.7564816
491,0.8912027
492,1.078529
493,8.339351000000002
494,6.1302080000000005
495,9.474213
496,1.3834209999999998
497,0.4723298999999999
498,3.397159
499,7.723186000000001
500,1.4459739999999999
501,20.02466
502,0.7937545000000001
503,9.203923
504,1.433097
505,3.256102
506,0.1468806
507,0.4440501
508,2.269977
509,35.741820000000004
510,53.99031000000001
511,0.1867864
512,2.9013240000000002
513,12.76443
514,8.360128999999999
515,4.827019999999999
516,38.451480000000004
517,0.3145308
518,8.376607
519,23.910310000000003
520,0.7027017000000001
521,1.7656009999999998
522,0.8921515
523,0.7242634
524,8.774271
525,2.0508290000000002
526,3.2452579999999998
527,1.285765
528,4.477556999999999
529,33.19735
530,4.4697510000000005
531,2.339652
532,4.705378
533,6.678406
534,3.9912199999999998
535,0.9527830999999999
536,7.195173000000001
537,8.441535
538,26.55047
539,4.026119
540,6.1041989999999995
541,0.2569161
542,0.3424110000000001
543,3.018232
544,1.5922550000000002
545,5.410099999999999
546,0.5689242999999999
547,4.002984
548,2.3356140000000005
549,1.7437459999999998
550,2.149681
551,7.537183999999999
552,32.69959
553,22.48934
554,20.91726
555,0.2210293
556,2.887965
557,0.3359206
558,1.3849500000000001
559,6.759136
560,3.4718109999999998
561,8.859761
562,9.035115999999999
563,1.6845350000000003
564,1.794768
565,7.996899999999998
566,3.005545
567,1.850767
568,4.389087000000001
569,0.1472118
570,1.212837
571,0.3956456
572,0.6269081
573,12.089518
574,2.16152
575,7.974644
576,14.41513
577,1.1262219999999998
578,2.5440340000000004
579,0.19560969999999997
580,5.457257
581,7.916691
582,0.49986110000000006
583,0.8578916
584,9.486282
585,12.052420000000001
586,0.49823130000000004
587,0.3150625000000001
588,10.40774
589,12.3623
590,0.6293219999999999
591,0.6816071
592,3.818018000000001
593,7.246944999999999
594,1.3989420000000001
595,0.7480488999999999
596,5.792431
597,4.140324000000001
598,0.331325
599,0.23370419999999997
600,1.1213269999999997
601,0.3506475
602,1.5306240000000002
603,0.3850268
604,3.5520449999999997
605,7.559537999999999
606,41.293169999999996
607,1.0728479999999998
608,7.716558000000001
609,23.250009999999996
610,19.76808
611,2.930485
612,0.9886711
613,6.124049000000001
614,49.7264
615,1.4023129999999997
616,8.814879000000001
617,12.758680000000002
618,30.808500000000002
619,0.13422680000000003
620,1.1666500000000002
621,0.19884929999999998
622,4.536785
623,1.8138170000000002
624,4.593034
625,31.015180000000004
626,1.5374619999999999
627,41.500170000000004
628,0.9086454999999999
629,6.697087999999999
630,3.4401249999999997
631,0.7047473
632,9.118014999999998
633,9.819481
634,18.23843
635,23.8475
636,0.2809861
637,1.3596840000000001
638,0.5964398999999999
639,0.8943834999999998
640,1.8787550000000004
641,0.8622448
642,4.875131999999999
643,15.197070000000002
644,1.1696457999999998
645,1.0222104
646,1.9205480000000001
647,8.488597
648,0.4543437
649,0.3512506999999999
650,2.124627
651,10.260345000000001
652,3.2494209999999994
653,0.5601935000000001
654,9.223817
655,0.5394962999999999
656,2.3594399999999993
657,0.5211210999999999
658,3.4767309999999996
659,14.38627
660,0.46923580000000004
661,2.6636079999999995
662,2.4252969999999996
663,1.772528
664,14.82375
665,4.360777
666,29.02188
667,8.299389999999999
668,13.69811
669,16.04753
670,0.9440496000000002
671,1.643284
672,0.13049079999999996
673,1.0726626
674,17.33978
675,1.248636
676,0.40734629999999994
677,0.744316
678,0.17583740000000003
679,4.647262
680,1.7210079999999999
681,0.1221833
682,0.21898879999999998
683,3.5282230000000006
684,1.2348530000000002
685,1.1499988
686,40.60772999999999
687,8.951534
688,6.428544
689,14.81853
690,8.146421
691,0.10311704000000002
692,3.197201
693,2.542098
694,2.821885
695,4.373582
696,10.004771999999999
697,7.038037
698,3.4908650000000003
699,1.297937
700,3.6276289999999998
701,6.093761
702,11.87642
703,0.39817420000000003
704,1.9163970000000004
705,1.2839809999999998
706,1.1529019999999999
707,2.7799699999999996
708,30.37547
709,1.3451
710,1.6333119999999997
711,0.9221292000000002
712,2.2381040000000003
713,5.365502
714,9.595575
715,0.8823456999999999
716,3.3704009999999998
717,1.9447379999999999
718,6.076397
719,8.250193
720,1.0595838
721,8.005807
722,8.847458
723,17.190089999999998
724,5.326693
725,27.354470000000003
726,2.66584
727,6.991941
728,2.076866
729,14.62255
730,0.7953542
731,1.7242520000000003
732,4.3673519999999995
733,13.39507
734,0.6049907999999999
735,7.946382
736,13.79417
737,1.8956250000000001
738,13.844770000000002
739,11.868860000000002
740,3.2560049999999996
741,4.944342999999999
742,1.960391
743,4.502922
744,1.4099059999999999
745,9.475247000000001
746,7.529665999999999
747,0.24987169999999997
748,8.730502000000001
749,5.783249000000001
750,0.44332720000000003
751,0.5351052999999999
752,1.0209833
753,1.142952
754,2.5562840000000002
755,8.588844
756,38.93464
757,7.059819
758,1.779582
759,1.120864
760,10.397262
761,16.254749999999998
762,0.9409901000000002
763,17.00649
764,2.1244769999999997
765,0.29156189999999993
766,10.86066
767,1.238357
768,5.139684
769,0.8923318
770,18.31987
771,1.2866009999999999
772,0.5176879999999999
773,40.281099999999995
774,47.19650000000001
775,0.8579454999999999
776,2.3900680000000003
777,0.1374264
778,0.3937116
779,1.1620559999999998
780,3.14421
781,0.122601
782,0.10883919999999998
783,1.4095790000000001
784,1.72562
785,8.429931
786,8.446974999999998
787,2.82094
788,4.982799
789,1.090983
790,4.680159
791,4.391371000000001
792,10.506220000000003
793,0.38903660000000007
794,6.581788999999999
795,5.028992000000001
796,0.4750279
797,0.5947487
798,2.867209
799,3.729081
800,1.1577429999999997
801,5.463133000000001
802,1.6256780000000002
803,6.289125
804,8.984570999999999
805,5.218094
806,0.6556994
807,3.9503699999999995
808,20.945420000000002
809,0.4954109000000001
810,0.6371209999999999
811,1.7937420000000004
812,10.88781
813,1.2440770000000003
814,6.466804999999999
815,0.8438983999999999
816,7.5798619999999985
817,1.0664175999999999
818,1.557744
819,17.63075
820,1.6834010000000004
821,1.0480732
822,2.813552
823,0.40486010000000006
824,0.9571734
825,9.561013000000003
826,1.797212
827,3.809597
828,48.32170000000001
829,0.776539
830,13.7016
831,15.042299999999997
832,2.5418050000000005
833,4.131952
834,9.955495999999998
835,22.492010000000004
836,2.609419
837,1.5655960000000002
838,7.114771
839,0.31818169999999996
840,0.9748374
841,16.544100000000004
842,1.227999
843,8.396168
844,6.305033
845,1.9237300000000002
846,0.8006056000000001
847,1.0570136
848,0.5548101
849,3.187807
850,0.10481369
851,3.122769
852,9.242113
853,1.1668319999999999
854,0.38097020000000004
855,3.0636770000000006
856,3.137379
857,0.8258736000000001
858,2.7936589999999994
859,2.1953439999999995
860,2.664943
861,3.8401990000000006
862,4.112215000000001
863,1.663813
864,6.594043999999999
865,13.487280000000002
866,7.631192
867,1.6568900000000002
868,3.2906370000000003
869,0.6761143
870,7.394814000000001
871,33.05789
872,33.18253
873,23.582839999999997
874,2.863758
875,8.282166
876,2.128189
877,12.522910000000001
878,3.0642359999999997
879,4.184959999999999
880,1.696914
881,0.8819565
882,3.034595
883,0.6050462999999999
884,1.9821189999999997
885,5.203691
886,8.933889
887,0.7350625000000001
888,0.2441582
889,4.109224
890,8.30622
891,0.5494337
892,22.55277
893,0.20067580000000002
894,0.8498062000000001
895,18.90385
896,0.2527347
897,82.28009
898,17.658989999999996
899,1.2534960000000002
900,1.93674
901,8.892855000000003
902,3.0377840000000003
903,4.48578
904,1.5150060000000003
905,2.087147
906,20.801280000000002
907,0.7422544
908,0.7754642000000002
909,0.9505557
910,5.477755
911,0.44829600000000003
912,2.8544359999999998
913,8.870797
914,4.9294150000000005
915,0.3430705
916,1.5366360000000001
917,3.9938500000000006
918,3.317818999999999
919,1.417176
920,4.988201
921,0.4973651
922,1.185964
923,1.0208343
924,15.07175
925,3.7393810000000003
926,24.691560000000003
927,6.8413319999999995
928,11.97504
929,3.7243199999999996
930,7.930165000000001
931,6.244697
932,0.5346034
933,29.485689999999995
934,9.010788
935,7.187549999999999
936,25.30551
937,6.438392
938,6.577545000000001
939,2.903925
940,5.441188
941,6.7225589999999995
942,7.619369999999999
943,2.9250629999999997
944,0.5883236
945,9.718822
946,2.637815
947,3.6504199999999996
948,1.0441500000000001
949,1.325656
950,10.706569999999997
951,4.896402
952,16.201069999999998
953,1.82669
954,2.207248
955,1.9574809999999996
956,0.4902423000000001
957,1.414685
958,26.47597
959,4.552037
960,0.4379438000000001
961,5.574921000000002
962,20.401289999999996
963,4.236801000000001
964,1.4831749999999997
965,0.35153100000000004
966,4.542067
967,1.5968099999999998
968,7.873683999999999
969,0.8515761
970,1.1924510000000004
971,0.9110261000000002
972,4.731308
973,0.7652215
974,16.21645
975,12.073240000000002
976,0.5503139
977,3.592396
978,6.849651999999999
979,10.350128
980,6.335322
981,1.3697589999999997
982,0.7130297
983,0.9143167999999999
984,6.9428790000000005
985,0.7134445
986,1.532001
987,9.483867000000002
988,2.6986269999999997
989,3.2452579999999998
990,0.277367
991,2.5795690000000002
992,1.112328
993,7.612843000000001
994,0.6449305
995,2.3087560000000003
996,3.016471
997,0.9391260000000001
998,7.14105
999,10.747022000000001
1000,2.1527160000000003
1001,8.614558
1002,2.385659
1003,6.872416000000001
1004,2.8477319999999997
1005,0.7800355000000001
1006,0.10915210000000002
1007,7.269506000000002
1008,10.031869000000002
1009,4.555237
1010,1.475491
1011,10.55307
1012,20.190220000000004
1013,1.8795179999999996
1014,12.537220000000001
1015,6.057937999999999
1016,0.7936874000000002
1017,17.20791
1018,2.032615
1019,4.0975730000000015
1020,1.3082680000000002
1021,8.028958
1022,12.828610000000001
1023,0.7788800999999999
1024,2.1226599999999998
1025,6.598035
1026,0.4008735
1027,1.4070770000000001
1028,17.413950000000003
1029,3.938311
1030,3.549639
1031,9.321253
1032,0.9737395000000001
1033,0.30218400000000006
1034,0.2812209
1035,0.868978
1036,22.617469999999994
1037,8.487570999999999
1038,15.521900000000002
1039,14.81411
1040,1.7518350000000003
1041,3.4589849999999998
1042,21.08686
1043,0.36304400000000003
1044,4.922251000000001
1045,5.281213000000001
1046,1.6193469999999999
1047,1.2530400000000004
1048,17.643330000000002
1049,3.8358410000000007
1050,0.3487823
1051,9.92062
1052,3.6082950000000005
1053,69.24556000000001
1054,13.465169999999997
1055,2.8765439999999995
1056,13.717470000000002
1057,2.851509
1058,2.355059
1059,28.122930000000004
1060,0.16095990000000002
1061,2.851705
1062,1.790373
1063,2.884292
1064,1.6751550000000002
1065,0.1956507
1066,1.8585819999999997
1067,1.251808
1068,2.744341
1069,15.99624
1070,0.2678565
1071,4.559579000000001
1072,0.621304
1073,0.48979909999999993
1074,1.0211076000000001
1075,9.446467
1076,2.641575
1077,1.0135591
1078,0.7336750999999998
1079,5.219237
1080,5.462352
1081,6.193123000000001
1082,4.668058999999999
1083,2.149045
1084,22.17982
1085,4.065461
1086,3.099013
1087,0.6009991
1088,1.6399579999999996
1089,1.5051620000000003
1090,2.6122500000000004
1091,2.903602
1092,2.0413330000000003
1093,0.6614297
1094,4.09604
1095,4.449261
1096,1.09431
1097,0.8200167
1098,2.6009490000000004
1099,2.129302
1100,0.8292779000000001
1101,3.4622140000000003
1102,3.8190479999999996
1103,8.959107
1104,59.31395
1105,15.8589
1106,4.377937000000001
1107,11.4409
1108,3.505002
1109,7.892993
1110,4.217136000000001
1111,0.4372982
1112,1.212407
1113,2.443174
1114,7.134921000000001
1115,6.789638999999999
1116,0.37400369999999994
1117,10.129195000000001
1118,16.04059
1119,7.267321
1120,1.079965
1121,1.677392
1122,1.2667169999999999
1123,2.469107
1124,84.48103999999998
1125,4.964075999999999
1126,1.5062010000000003
1127,6.523491
1128,4.776109
1129,4.829034000000001
1130,4.838245
1131,1.6555539999999997
1132,1.4121700000000001
1133,15.24894
1134,8.930190000000001
1135,4.476975
1136,14.848180000000003
1137,22.85271
1138,4.563243
1139,1.1760780000000002
1140,1.056697
1141,0.37562170000000006
1142,4.058935
1143,6.215579
1144,0.9206162000000001
1145,25.420840000000002
1146,1.128144
1147,2.896453
1148,11.58241
1149,0.5364087000000001
1150,4.282089000000001
1151,0.8155332
1152,0.6632861
1153,34.96148
1154,10.756183000000002
1155,0.9287859999999999
1156,0.23315950000000002
1157,2.3460980000000005
1158,3.00208
1159,22.55405
1160,7.186086000000001
1161,2.831625
1162,0.3449557
1163,5.78199
1164,16.36048
1165,5.053967999999999
1166,0.3190019
1167,1.260914
1168,3.069948
1169,4.578718
1170,0.8235274
1171,2.2704809999999993
1172,3.941404
1173,0.4964266999999999
1174,8.658913000000002
1175,2.9148720000000004
1176,2.2661559999999996
1177,21.32604
1178,3.799832
1179,1.926578
1180,6.693719999999999
1181,1.500346
1182,0.7258392
1183,0.28056760000000003
1184,0.6397202999999999
1185,7.693982
1186,4.977606
1187,5.262384000000001
1188,7.01272
1189,1.238044
1190,18.379479999999997
1191,2.8068079999999997
1192,19.695770000000003
1193,1.4798580000000001
1194,4.5072980000000005
1195,3.4437379999999997
1196,1.5447320000000002
1197,1.63146
1198,2.8468220000000004
1199,1.0548490000000001
1200,0.41623649999999995
1201,0.6459815000000001
1202,17.00665
1203,0.9060248999999999
1204,1.2293399999999999
1205,0.6796434
1206,19.33711
1207,1.127438
1208,2.161083
1209,2.7193379999999996
1210,0.6689454
1211,0.9061750999999999
1212,0.8647332000000001
1213,0.8330910999999999
1214,2.009429
1215,2.733925
1216,1.600272
1217,2.741417
1218,0.7045149
1219,1.2733719999999997
1220,0.1775965
1221,6.172668000000001
1222,8.944666
1223,0.9291005
1224,5.905624
1225,54.54566
1226,21.2708
1227,0.5123637000000001
1228,30.5519
1229,49.35502000000001
1230,4.532144000000001
1231,5.941423
1232,1.3928099999999999
1233,9.096968999999998
1234,2.974897
1235,85.71259
1236,0.4850445
1237,1.999883
1238,4.701167
1239,9.101048
1240,3.974039
1241,10.215861
1242,9.882293999999998
1243,8.925829000000002
1244,0.2807277
1245,2.4927059999999996
1246,2.91404
1247,10.512746
1248,1.251679
1249,1.0145573999999997
1250,11.39947
1251,1.343402
1252,1.1835120000000003
1253,5.945496999999999
1254,7.427197000000001
1255,0.7059326
1256,13.32068
1257,12.59233
1258,6.2280429999999996
1259,1.3924600000000003
1260,2.012794
1261,3.218817
1262,9.608731
1263,4.793625
1264,5.647046
1265,5.546884
1266,1.121171
1267,5.442088
1268,7.578883
1269,1.8637215999999999
1270,2.106375
1271,2.04928
1272,3.376097
1273,2.109996
1274,40.221500000000006
1275,3.295608
1276,1.385793
1277,0.33942680000000003
1278,5.167030000000001
1279,4.674675000000001
1280,2.3109480000000002
1281,1.3524980000000002
1282,1.8027829999999998
1283,0.6812136
1284,8.471464000000001
1285,12.414159999999999
1286,9.664015
1287,1.7899929999999997
1288,5.182876
1289,0.7455856000000001
1290,0.3531649
1291,3.8618190000000006
1292,13.05163
1293,28.354660000000003
1294,0.7300321000000001
1295,33.10020999999999
1296,3.9604999999999997
1297,7.983862000000002
1298,8.787076
1299,2.21865
1300,4.16924
1301,2.1547570000000005
1302,2.457477
1303,0.7353194
1304,3.294464
1305,0.5897243
1306,3.3925579999999997
1307,0.22209469999999998
1308,4.479635
1309,3.0315400000000006
1310,0.9354750000000001
1311,4.762024
1312,2.0952230000000003
1313,2.732415
1314,22.674380000000003
1315,0.6145141
1316,4.317251
1317,0.13650259999999997
1318,0.14571879999999998
1319,1.7354720000000001
1320,0.8248483999999999
1321,0.19572930000000002
1322,5.073307
1323,8.342149000000001
1324,1.4994450000000001
1325,0.4117238
1326,0.8886551
1327,2.3495770000000005
1328,1.639357
1329,6.9930270000000005
1330,3.9017910000000002
1331,6.520151
1332,1.4808249999999998
1333,37.55142
1334,1.7856649999999998
1335,8.204111999999999
1336,3.6984000000000004
1337,0.4361555999999999
1338,3.462271
1339,1.208999
1340,2.927375
1341,1.163516
1342,3.475723
1343,21.5013
1344,3.080008
1345,6.213029999999999
1346,10.743450000000001
1347,1.113046
1348,18.33495
1349,1.4581199999999999
1350,1.2100829999999998
1351,1.562405
1352,3.578830000000001
1353,3.003979
1354,1.810189
1355,2.180239
1356,3.0869910000000003
1357,0.27377970000000007
1358,2.036963
1359,3.027669
1360,4.97046
1361,6.696598
1362,0.8696821
1363,3.392371
1364,0.7998582999999999
1365,16.869980000000005
1366,0.08773934000000001
1367,2.1067980000000004
1368,2.237881
1369,0.5736420000000001
1370,0.7250095000000001
1371,4.592165
1372,19.53373
1373,0.8291928000000001
1374,2.899133
1375,22.402859999999997
1376,2.821936
1377,2.706651
1378,4.310249
1379,0.1713704
1380,25.326830000000005
1381,27.5911
1382,3.775127
1383,0.7417727999999999
1384,8.383047000000001
1385,2.9058450000000002
1386,0.2843118
1387,0.6644378
1388,7.967604
1389,18.11598
1390,4.985317
1391,2.469361
1392,1.4014280000000003
1393,1.7536559999999999
1394,41.19952
1395,5.981016
1396,2.1985090000000005
1397,4.271494
1398,4.522903000000001
1399,4.346974000000001
1400,6.077986000000001
1401,0.8086553999999999
1402,1.328095
1403,0.48693420000000015
1404,4.426297
1405,3.265593999999999
1406,0.9196715000000001
1407,4.122417
1408,0.7041072
1409,0.6645441000000001
1410,34.78935
1411,1.183659
1412,1.992642
1413,2.7890989999999998
1414,1.1939630000000003
1415,1.708759
1416,7.015218
1417,3.159535
1418,3.4643509999999997
1419,5.789656
1420,0.09839179000000002
1421,1.0196043
1422,13.690959999999999
1423,0.2922601
1424,1.272904
1425,1.0413204
1426,9.352936000000001
1427,9.899763
1428,10.239744
1429,3.750774000000001
1430,2.6416500000000003
1431,6.047758
1432,8.143229000000002
1433,0.8867961999999998
1434,1.1417639999999998
1435,0.19654560000000001
1436,1.488481
1437,3.040228
1438,6.233093
1439,0.8672780999999998
1440,2.431574
1441,0.1350334
1442,13.741320000000002
1443,11.67963
1444,24.85652
1445,3.567306
1446,8.357147000000001
1447,2.22958
1448,1.1110209999999998
1449,2.789128
1450,6.328269000000001
1451,0.7436062
1452,0.262165
1453,3.451377000000001
1454,31.39807
1455,9.850063
1456,9.206878
1457,1.2746989999999998
1458,0.33781510000000003
1459,4.327572
1460,16.74823
1461,8.82077
1462,9.982201
1463,10.30319
1464,8.420418999999999
1465,4.004419
1466,9.323506
1467,8.766607
1468,0.7079769
1469,2.22774
1470,2.049957
1471,1.7344640000000002
1472,3.5645820000000006
1473,0.435671
1474,5.744867999999999
1475,1.2212349999999998
1476,12.21772
1477,2.6253399999999996
1478,0.8482291
1479,0.5969722000000001
1480,2.9671480000000003
1481,2.65552
1482,0.6716232000000001
1483,1.8163529999999999
1484,0.44454969999999994
1485,3.4190309999999995
1486,51.096059999999994
1487,1.1026340000000001
1488,25.399009999999997
1489,13.837039999999998
1490,6.153529000000001
1491,6.305819999999999
1492,5.0010650000000005
1493,0.34875090000000003
1494,11.0906
1495,0.8322544000000001
1496,1.851293
1497,0.4165017999999999
1498,0.7932732
1499,6.430301
1500,11.60961
1501,36.080549999999995
1502,5.651777
1503,12.90613
1504,5.041683000000001
1505,0.10610307999999999
1506,0.7526957000000001
1507,4.4768040000000004
1508,11.303109999999998
1509,4.91722
1510,0.5069254
1511,57.83660000000001
1512,0.9785204999999999
1513,2.638115
1514,0.3007144
1515,13.409899999999999
1516,0.7183707000000001
1517,3.708412
1518,2.7125250000000003
1519,4.669144999999999
1520,4.926717
1521,13.0324
1522,0.31931000000000004
1523,7.408029999999999
1524,15.57011
1525,1.945439
1526,4.432727000000001
1527,1.5752400000000002
1528,0.5650988
1529,35.571870000000004
1530,1.8509420000000003
1531,3.4197010000000008
1532,3.075888
1533,1.0051133
1534,0.9811437
1535,6.168864999999999
1536,34.03025
1537,4.547309
1538,0.2598737
1539,1.2266199999999998
1540,11.1905
1541,0.31730330000000007
1542,1.1433142
1543,11.48072
1544,4.976872
1545,4.582739
1546,5.732959
1547,0.6056537
1548,2.869649
1549,0.2794613
1550,10.06321
1551,2.53376
1552,4.970309
1553,11.86151
1554,3.6077500000000002
1555,12.394829999999999
1556,10.989806999999999
1557,11.66079
1558,2.843309
1559,5.666203999999999
1560,0.09756164999999999
1561,0.9537446
1562,2.24128
1563,11.5196
1564,1.930882
1565,0.8440096
1566,14.35851
1567,4.588977
1568,1.3868820000000002
1569,1.2467110000000001
1570,3.017862
1571,1.865681
1572,4.25342
1573,54.50675
1574,0.7979444
1575,4.159885999999999
1576,13.64607
1577,2.196908
1578,0.9307174999999999
1579,5.957965
1580,4.3869880000000006
1581,17.753330000000002
1582,0.21981289999999998
1583,9.999945
1584,5.972391
1585,0.4083203
1586,7.920273
1587,2.3453720000000002
1588,4.081054
1589,47.62002
1590,0.3004319
1591,2.4468260000000006
1592,4.837096000000001
1593,14.805419999999998
1594,5.417314
1595,0.7211571999999999
1596,17.028869999999994
1597,0.17693810000000004
1598,1.805593
1599,2.4777860000000005
1600,2.670161
1601,1.777797
1602,9.430336999999998
1603,5.020672000000001
1604,13.356869999999997
1605,0.7421941
1606,8.076282
1607,0.6208423
1608,1.878875
1609,16.411880000000004
1610,9.814186000000003
1611,15.03303
1612,5.161215
1613,36.089400000000005
1614,0.7692465999999998
1615,3.7654140000000007
1616,5.125209
1617,0.8883677000000001
1618,1.9891320000000001
1619,21.27693
1620,1.1818370000000002
1621,10.263762
1622,9.639132
1623,9.71552
1624,5.155334
1625,0.2680267
1626,5.930491999999998
1627,17.52194
1628,0.9971041000000002
1629,0.6995226999999999
1630,0.9126103999999999
1631,1.4627710000000003
1632,1.9016769999999998
1633,2.643643
1634,0.3414509
1635,3.2383179999999996
1636,7.687338
1637,0.7334376
1638,0.2859788
1639,5.267888000000001
1640,3.878439
1641,10.730786
1642,3.9806909999999993
1643,16.281259999999996
1644,4.3404370000000005
1645,2.232715
1646,0.37958410000000004
1647,8.454922999999999
1648,0.4201087
1649,2.7277810000000002
1650,1.533679
1651,7.289295999999998
1652,0.47000659999999994
1653,1.5015740000000002
1654,35.874280000000006
1655,0.4676393
1656,17.604899999999997
1657,3.805346
1658,5.395257999999999
1659,0.40364560000000005
1660,2.7030089999999998
1661,0.8512964000000001
1662,1.5186900000000005
1663,31.514590000000005
1664,0.7494805999999999
1665,2.2831870000000003
1666,10.704970000000003
1667,9.41679
1668,3.8507979999999997
1669,3.327502
1670,2.659288
1671,2.1355670000000004
1672,3.570576
1673,1.1404619999999999
1674,1.1117590000000002
1675,0.512416
1676,0.1678976
1677,1.3676939999999997
1678,0.4634906
1679,3.1050500000000003
1680,1.0684829999999998
1681,0.2569547999999999
1682,4.39896
1683,1.7652290000000004
1684,3.271973
1685,12.07147
1686,1.6949400000000001
1687,1.7265729999999997
1688,1.242333
1689,1.2621829999999998
1690,3.284908
1691,2.7216370000000003
1692,3.3865229999999995
1693,0.8211493000000001
1694,1.6193819999999999
1695,0.09658021999999998
1696,4.659012
1697,3.173764
1698,0.27340780000000003
1699,0.7268802999999998
1700,1.05809
1701,4.662761000000001
1702,1.231288
1703,7.002894
1704,8.390621
1705,0.2414952
1706,1.187965
1707,7.587581
1708,7.830394999999998
1709,6.929164999999999
1710,0.6769324000000001
1711,0.3812544
1712,2.099486
1713,32.05384
1714,1.1025519999999998
1715,3.0804149999999995
1716,0.2973661000000001
1717,10.41418
1718,73.08491000000001
1719,6.911874
1720,0.5155575000000001
1721,7.231217000000001
1722,4.537978000000001
1723,1.205678
1724,3.6121049999999997
1725,0.7766608999999999
1726,6.616502
1727,6.514221000000001
1728,0.37834300000000004
1729,22.31718
1730,4.881631
1731,15.437070000000002
1732,15.03586
1733,6.132838000000001
1734,1.208173
1735,14.90973
1736,2.657518
1737,3.5789169999999997
1738,1.167393
1739,1.604852
1740,0.42256410000000005
1741,0.6491076000000001
1742,30.936240000000005
1743,3.322509
1744,1.805012
1745,6.188326999999999
1746,0.37599489999999997
1747,11.02179
1748,4.340044000000001
1749,1.7376459999999998
1750,19.17915
1751,5.643606999999999
1752,2.1949530000000004
1753,0.9811437
1754,1.639368
1755,5.325474
1756,0.216669
1757,22.94666
1758,0.30405770000000004
1759,0.8859348999999999
1760,5.884758000000001
1761,0.8862142999999998
1762,6.44204
1763,6.004586999999999
1764,0.9860792999999999
1765,1.5415199999999998
1766,2.287918
1767,0.6316228999999999
1768,0.38648429999999995
1769,10.297552
1770,28.921840000000003
1771,3.352804
1772,29.176799999999997
1773,0.263443
1774,0.699237
1775,2.550776
1776,0.46952440000000006
1777,1.225479
1778,3.9265309999999998
1779,8.747784
1780,5.4574549999999995
1781,0.8366339
1782,1.0966400000000003
1783,3.404826
1784,9.738789999999998
1785,25.39674
1786,0.5827223
1787,2.1482219999999996
1788,1.609973
1789,3.6529949999999998
1790,12.99931
1791,0.8034573999999999
1792,7.734466999999998
1793,7.413113
1794,0.4681254999999999
1795,1.2410220000000003
1796,1.2051669999999999
1797,3.044811
1798,5.083761000000001
1799,0.32731560000000004
1800,6.224082
1801,3.6456649999999997
1802,1.0338842000000001
1803,14.466470000000001
1804,6.008895
1805,13.311200000000003
1806,14.980099999999998
1807,1.5477399999999997
1808,0.9128359999999999
1809,2.7230130000000003
1810,0.19160610000000006
1811,2.0671089999999994
1812,16.24908
1813,3.2355919999999996
1814,1.9665500000000002
1815,17.472160000000002
1816,0.8053909000000001
1817,4.078784000000001
1818,36.389289999999995
1819,9.895675999999998
1820,13.227860000000002
1821,9.549422
1822,0.6189326000000002
1823,17.390879999999996
1824,0.5300492
1825,0.8435545999999998
1826,3.4668839999999994
1827,2.8661220000000003
1828,8.373164
1829,3.0225580000000005
1830,1.0745748
1831,5.4337849999999985
1832,42.434189999999994
1833,2.65396
1834,0.1919324
1835,4.2312959999999995
1836,19.584049999999998
1837,0.8156144
1838,3.594654
1839,15.104260000000002
1840,8.801561999999999
1841,0.7011763
1842,0.40111020000000003
1843,6.839771000000001
1844,0.7579214999999999
1845,0.1742382
1846,1.228326
1847,7.908175999999999
1848,0.17695339999999998
1849,1.9324713000000002
1850,3.549615
1851,0.5900485999999999
1852,22.58334
1853,0.260802
1854,1.28968
1855,1.238561
1856,1.745081
1857,1.384472
1858,0.5626227
1859,2.7550549999999996
1860,0.7587741
1861,2.7560670000000003
1862,1.5518480000000001
1863,8.463283
1864,2.890416
1865,1.582819
1866,11.165460000000001
1867,5.670128999999999
1868,4.919136999999999
1869,22.44933
1870,4.848868
1871,0.49642929999999996
1872,4.9907840000000006
1873,2.762396
1874,3.027346
1875,5.593418
1876,1.446151
1877,10.835930000000001
1878,3.562088
1879,2.2253979999999998
1880,1.4089360000000002
1881,2.574516
1882,7.855548999999999
1883,16.636680000000002
1884,2.0095090000000004
1885,16.746679999999998
1886,4.557118
1887,0.258399
1888,6.1242540000000005
1889,1.2464860000000002
1890,0.9424579999999999
1891,9.29529
1892,8.42789
1893,25.541230000000002
1894,5.33533
1895,10.294316
1896,2.8729799999999996
1897,14.109439999999998
1898,6.539415999999998
1899,3.3390049999999993
1900,6.598014999999999
1901,7.936981
1902,28.84216
1903,1.361584
1904,19.587229999999998
1905,14.87002
1906,1.1131110000000002
1907,28.678000000000004
1908,0.6477278999999999
1909,7.068643999999999
1910,5.852981
1911,8.65492
1912,8.192995
1913,3.9304809999999994
1914,0.5862354
1915,5.786733
1916,1.077012
1917,8.001905
1918,2.5505190000000004
1919,13.494559999999998
1920,3.5496350000000008
1921,6.017125999999999
1922,4.051911
1923,0.11632150000000001
1924,5.834616
1925,1.32855
1926,0.5973193000000001
1927,28.345879999999994
1928,0.33455650000000003
1929,0.5668517
1930,20.6467
1931,4.061396
1932,6.497476000000001
1933,2.6336890000000004
1934,0.8299995999999998
1935,1.713488
1936,6.526255000000001
1937,9.989181999999998
1938,32.456419999999994
1939,15.347800000000001
1940,37.36381000000001
1941,1.677675
1942,3.722667
1943,0.9175853999999999
1944,5.568601
1945,0.9704273000000001
1946,2.2697949999999993
1947,0.20959
1948,3.3272279999999994
1949,2.17658
1950,1.6640459999999997
1951,4.155315
1952,1.0186619000000001
1953,0.1252729
1954,4.285279
1955,1.8167259999999998
1956,12.755840000000001
1957,2.3746219999999996
1958,1.8250049999999998
1959,2.270719
1960,0.3109864
1961,1.204297
1962,0.4773645
1963,0.10513368999999999
1964,7.991678
1965,0.5378888
1966,0.29932490000000006
1967,2.8305459999999996
1968,0.9629030000000001
1969,7.3451509999999995
1970,0.7773441999999999
1971,1.770824
1972,1.5467480000000002
1973,6.496878000000001
1974,7.219322
1975,1.570326
1976,2.994262
1977,1.292455
1978,4.38913
1979,10.372738000000002
1980,1.1615950000000002
1981,6.967371
1982,1.239633
1983,3.5633120000000007
1984,0.5427844000000001
1985,3.42743
1986,8.199485
1987,7.513958
1988,6.033146999999999
1989,0.9583983999999999
1990,17.167260000000002
1991,16.26185
1992,1.741067
1993,1.20188
1994,4.373685
1995,2.091239
1996,16.389190000000003
1997,1.3968780000000003
1998,0.6416982
1999,1.349704
2000,1.4196149999999998
2001,2.247828
2002,22.70792
2003,4.334901
2004,2.1643610000000004
2005,5.726155999999999
2006,3.272832
2007,37.68332
2008,0.35192239999999997
2009,8.506274
2010,2.3070039999999996
2011,1.830829
2012,7.850885000000001
2013,1.2602347000000003
2014,17.97233
2015,0.48568960000000005
2016,10.041943
2017,5.633537
2018,1.994063
2019,1.334266
2020,18.820220000000003
2021,3.5600180000000003
2022,3.968338
2023,4.98679
2024,0.8296890000000001
2025,0.8844584000000001
2026,2.2711140000000003
2027,1.510207
2028,1.558585
2029,0.7604091000000001
2030,1.0383476999999999
2031,4.985096
2032,1.067498
2033,6.8193839999999994
2034,0.6968152999999999
2035,0.7701828
2036,0.6606582
2037,2.3673859999999998
2038,2.165853
2039,0.4116369000000001
2040,1.79054
2041,30.50388
2042,0.5275605
2043,0.8932176000000001
2044,11.660329999999998
2045,1.768348
2046,3.575305
2047,1.7195069999999997
2048,15.762889999999999
2049,2.078997
2050,6.556232
2051,2.670101
2052,0.7319333
2053,4.352615
2054,15.610479999999999
2055,0.722729
2056,0.43317310000000003
2057,4.124625
2058,1.0195451
2059,14.07981
2060,6.314026999999999
2061,2.614177
2062,0.48867900000000003
2063,3.9033339999999996
2064,17.142060000000004
2065,0.8803723999999999
2066,6.921859
2067,22.74351
2068,3.828843
2069,45.1758
2070,2.6163830000000003
2071,1.473045
2072,2.113422
2073,2.282806
2074,0.8133151999999999
2075,1.9734140000000004
2076,2.0005800000000002
2077,2.00249
2078,0.18665249999999997
2079,4.140206999999999
2080,5.928535999999999
2081,0.9600483000000002
2082,0.8213153999999999
2083,25.437999999999995
2084,2.971574999999999
2085,28.288369999999997
2086,4.575008
2087,3.2023089999999996
2088,27.27233
2089,1.7772499999999998
2090,1.1030039999999999
2091,0.5227623
2092,4.233210999999999
2093,11.01947
2094,4.043125999999999
2095,4.255685000000001
2096,2.5602849999999995
2097,0.8308225000000002
2098,3.9063799999999995
2099,36.61692000000001
2100,20.039059999999996
2101,11.40071
2102,2.5559659999999997
2103,5.814344
2104,1.305928
2105,10.437394000000001
2106,1.071866
2107,3.377807
2108,3.517056
2109,4.592163000000001
2110,3.065854
2111,22.32839
2112,17.79018
2113,2.9128979999999998
2114,0.8211762
2115,2.1423710000000002
2116,3.716527
2117,0.5153706
2118,0.6270371
2119,5.069047
2120,1.6710320000000003
2121,2.241727
2122,1.270794
2123,1.508597
2124,0.6644979
2125,1.682394
2126,2.431225
2127,8.202918
2128,3.060066
2129,0.4840020000000001
2130,1.9590600000000002
2131,1.07987
2132,71.23796
2133,14.51524
2134,3.2062660000000003
2135,26.234720000000003
2136,9.551336000000001
2137,1.37588
2138,3.7685900000000006
2139,2.5492750000000006
2140,0.6874529
2141,1.5501840000000002
2142,13.39726
2143,11.11096
2144,0.7421646999999999
2145,6.178966999999999
2146,2.427747
2147,11.340349999999999
2148,1.5508860000000002
2149,1.675195
2150,25.257479999999997
2151,5.892593
2152,7.8511489999999995
2153,16.64101
2154,2.07158
2155,0.6600936000000001
2156,3.4494860000000003
2157,3.639633
2158,6.170285999999999
2159,0.4913508000000001
2160,2.8637289999999997
2161,12.905280000000001
2162,2.197242
2163,3.993437
2164,14.877699999999999
2165,0.8479927
2166,4.809107
2167,0.45359340000000004
2168,3.687303
2169,0.5409088000000001
2170,13.488990000000001
2171,3.2865610000000003
2172,1.5737379999999999
2173,2.074127
2174,10.55828
2175,0.3371941
2176,9.925031999999998
2177,0.5950126
2178,0.3850965
2179,9.042258
2180,1.6243410000000005
2181,1.393103
2182,0.16574740000000002
2183,1.5180349999999998
2184,3.361714
2185,0.5973069
2186,5.875189999999999
2187,2.170553
2188,0.10573193
2189,1.518881
2190,1.547232
2191,3.023821
2192,22.41617
2193,0.36477210000000004
2194,0.46681820000000007
2195,5.647144000000001
2196,0.43069300000000005
2197,4.030348
2198,10.137629
2199,0.3761383
2200,0.5171254999999999
2201,0.5649132
2202,14.751069999999999
2203,0.3058718
2204,1.105242
2205,8.304681
2206,3.9721159999999998
2207,19.4988
2208,5.757226000000001
2209,0.3166155
2210,1.9012520000000002
2211,4.720776000000001
2212,14.57892
2213,7.56015
2214,89.64164
2215,14.585559999999997
2216,1.57579
2217,8.976958
2218,2.201763
2219,41.22531
2220,3.3973189999999995
2221,0.41563059999999996
2222,2.8398939999999997
2223,2.4497940000000002
2224,1.8702999999999999
2225,1.7865849999999999
2226,3.085819
2227,0.40144399999999997
2228,0.8114395
2229,3.2237630000000004
2230,1.5732950000000003
2231,9.560861
2232,4.169966
2233,4.569082
2234,3.6001060000000003
2235,16.744130000000002
2236,1.2326899999999998
2237,0.3566732
2238,5.580521
2239,5.437276
2240,0.418578
2241,1.1258399999999997
2242,43.3661
2243,2.5426130000000002
2244,36.01799
2245,12.57172
2246,2.318251
2247,1.7824409999999997
2248,1.3241070000000001
2249,11.10172
2250,0.8434561
2251,2.6139859999999997
2252,7.850436
2253,8.287509000000002
2254,5.863808
2255,11.69426
2256,1.176577
2257,0.9196955000000001
2258,9.385006
2259,0.6705496
2260,2.588538
2261,0.6710037
2262,10.63665
2263,21.740840000000006
2264,4.864146999999999
2265,7.754895000000002
2266,5.026276
2267,1.24135
2268,0.7437316
2269,1.417754
2270,88.30629
2271,6.552912999999999
2272,1.8313739999999998
2273,0.41941809999999996
2274,4.542572000000001
2275,0.08796588000000001
2276,3.3960390000000005
2277,6.0058679999999995
2278,2.1780630000000007
2279,9.772442999999999
2280,7.367116
2281,15.11043
2282,1.923949
2283,18.14548
2284,20.21187
2285,2.9324760000000003
2286,6.605191
2287,8.687997000000001
2288,3.173817
2289,1.7113980000000002
2290,0.9303252000000001
2291,1.4497769999999999
2292,1.116828
2293,2.4867269999999997
2294,9.617821999999999
2295,6.247358
2296,1.0037407
2297,2.821228
2298,4.79668
2299,0.45704770000000006
2300,2.3917120000000005
2301,8.477946999999999
2302,1.4935139999999998
2303,0.14525570000000002
2304,17.289050000000003
2305,0.7084870999999999
2306,12.271849999999999
2307,5.0740609999999995
2308,1.473339
2309,0.07413842000000001
2310,4.854682
2311,1.9788190000000003
2312,4.962089999999999
2313,1.7662289999999998
2314,3.260926
2315,6.940952
2316,1.5058669999999998
2317,0.835854
2318,1.7146449999999998
2319,8.168719000000001
2320,12.130500000000001
2321,1.0220351
2322,0.5188081999999999
2323,1.6893900000000002
2324,27.569799999999997
2325,8.374531999999999
2326,5.628187
2327,1.8926089999999998
2328,14.88751
2329,0.1517037
2330,0.6071849
2331,0.6125242
2332,0.7606949000000001
2333,3.4680120000000003
2334,5.536893999999998
2335,2.9046659999999997
2336,0.30195089999999997
2337,2.449128
2338,32.59930000000001
2339,1.632819
2340,34.28260000000001
2341,15.217000000000002
2342,0.28130310000000003
2343,1.503924
2344,0.4242064
2345,1.0833736
2346,3.421611
2347,3.5062340000000005
2348,9.160895
2349,0.6003531000000001
2350,1.2016339999999999
2351,5.62604
2352,2.859196
2353,0.2947864
2354,5.047624000000001
2355,0.7743034000000002
2356,2.3447240000000003
2357,0.3445328
2358,3.19167
2359,5.688126
2360,0.4113452000000001
2361,1.6543690000000002
2362,1.96534
2363,1.035277
2364,3.9259080000000006
2365,1.0494653
2366,4.523936000000001
2367,3.390238
2368,49.1192
2369,0.1206912
2370,5.2577039999999995
2371,0.9629030000000001
2372,13.737510000000004
2373,0.9282668
2374,2.477317
2375,5.0451369999999995
2376,0.7065616
2377,4.843342
2378,10.944840000000003
2379,4.551754000000001
2380,14.430270000000002
2381,1.79076
2382,1.291954
2383,0.9075213
2384,4.236083
2385,5.914009
2386,0.8459165000000001
2387,0.605042
2388,0.6000340000000001
2389,0.4636121
2390,0.6408832999999999
2391,2.169995
2392,2.103592
2393,7.905559000000001
2394,1.496197
2395,3.6900549999999996
2396,3.1741550000000003
2397,0.5514506000000001
2398,1.358719
2399,0.1418258
2400,0.3830464
2401,7.648611
2402,12.76053
2403,1.339669
2404,0.183672
2405,8.086457000000001
2406,10.629162
2407,9.152213999999999
2408,3.04049
2409,11.909300000000002
2410,9.197967
2411,5.953588000000001
2412,7.017247
2413,1.034996
2414,16.078219999999998
2415,4.213336
2416,3.532622
2417,1.0172204
2418,8.026623
2419,0.1759761
2420,14.405100000000001
2421,2.42393
2422,8.439771
2423,4.948363
2424,1.1041239999999999
2425,1.3375679999999999
2426,3.7941379999999993
2427,2.9755370000000005
2428,0.6802079000000001
2429,2.065575
2430,2.1937529999999996
2431,0.31928799999999996
2432,0.12282440000000001
2433,15.834489999999999
2434,0.42564740000000006
2435,0.9981627
2436,1.400257
2437,1.8686059999999998
2438,5.731463
2439,1.4185940000000001
2440,11.461059999999998
2441,5.519773
2442,9.204988
2443,9.580392999999999
2444,6.295876000000001
2445,24.038310000000003
2446,9.691071999999998
2447,8.223228
2448,4.518897000000001
2449,0.5806064
2450,3.440067
2451,0.3488393
2452,0.13365380000000002
2453,6.536465
2454,20.02939
2455,3.0318440000000004
2456,2.0911969999999998
2457,5.631073
2458,9.11209
2459,40.56863
2460,0.5465646
2461,1.790906
2462,0.1867024
2463,2.6618239999999997
2464,10.3006
2465,0.8284117999999999
2466,2.4138070000000007
2467,6.920280000000001
2468,1.066536
2469,1.0436026
2470,0.18159050000000002
2471,19.59264
2472,3.672746
2473,2.9943060000000004
2474,0.7951050999999999
2475,0.9919015999999999
2476,8.891409
2477,0.578117
2478,7.376362
2479,3.643625
2480,0.45371550000000005
2481,2.034727
2482,0.11407419999999999
2483,1.0032929
2484,0.3840889
2485,8.724496
2486,0.6452785000000001
2487,0.8634882999999999
2488,5.540659
2489,6.465860999999999
2490,1.2474120000000002
2491,3.225954
2492,9.692215000000001
2493,3.5650949999999995
2494,4.117655000000001
2495,7.589524
2496,7.3842550000000005
2497,3.794616
2498,0.5405505000000002
2499,3.007301
2500,1.2003670000000002
2501,4.448044
2502,0.9701835000000001
2503,3.3075619999999994
2504,7.3451509999999995
2505,8.023675
2506,2.652203
2507,0.8565398
2508,6.635155999999999
2509,3.097574
2510,1.2597880000000004
2511,1.0918560000000002
2512,6.057519
2513,4.424751
2514,0.6591374
2515,10.554433
2516,1.7960019999999997
2517,2.0204189999999995
2518,6.054698999999999
2519,9.500385
2520,12.767599999999998
2521,8.120664000000001
2522,2.153552
2523,4.022842999999999
2524,2.6797980000000003
2525,0.15890990000000002
2526,0.614342
2527,1.757289
2528,0.5668517
2529,1.544347
2530,4.254164999999999
2531,0.5363101
2532,0.16266200000000003
2533,1.7765229999999999
2534,2.1657029999999997
2535,0.29207310000000003
2536,2.9869190000000003
2537,0.1404032
2538,0.9491942999999999
2539,18.43836
2540,0.7744789
2541,10.197246
2542,55.74149000000001
2543,3.674028
2544,14.833114
2545,1.3115999999999997
2546,0.2604307
2547,55.641819999999996
2548,2.6151910000000003
2549,4.705256
2550,2.799656
2551,2.879931
2552,4.777823
2553,0.23846820000000002
2554,0.8769380999999999
2555,0.8042077000000001
2556,6.5463260000000005
2557,0.9679993999999998
2558,12.87297
2559,7.138044000000001
2560,1.499863
2561,11.979519999999997
2562,3.5179989999999997
2563,6.47072
2564,8.096397
2565,0.6835583
2566,16.98611
2567,12.15981
2568,0.9939069
2569,3.907607
2570,1.7988250000000001
2571,12.947759999999999
2572,8.008688
2573,8.01645
2574,0.4760579
2575,1.164841
2576,2.4318630000000003
2577,0.478479
2578,1.4666150000000002
2579,0.8951872
2580,7.974059
2581,5.666705
2582,2.646181
2583,16.164210000000004
2584,7.390772
2585,0.4240034
2586,4.754128000000001
2587,1.76952
2588,1.5100910000000003
2589,4.409984
2590,4.1576450000000005
2591,1.5401699999999998
2592,12.33359
2593,0.7575702000000001
2594,8.750667
2595,0.08985012
2596,0.1384887
2597,4.993187000000001
2598,0.24052339999999997
2599,2.2117520000000006
2600,2.064851
2601,17.31102
2602,7.538113
2603,1.0892909999999998
2604,11.46494
2605,1.3631290000000003
2606,3.2244219999999997
2607,3.03232
2608,1.06636
2609,0.5413581000000001
2610,2.0348829999999998
2611,6.475048000000001
2612,7.853240000000001
2613,1.449418
2614,6.330315000000001
2615,0.6518892000000001
2616,24.83204
2617,1.238629
2618,11.992609999999999
2619,1.0152274
2620,1.560222
2621,1.071003
2622,1.519729
2623,12.26913
2624,1.9764849999999998
2625,0.7739782
2626,1.0284688000000002
2627,2.247538
2628,2.3601089999999996
2629,6.008895
2630,1.193964
2631,36.59282
2632,1.354263
2633,5.020739999999999
2634,0.09360143000000001
2635,6.123403
2636,3.428132
2637,1.954519
2638,6.821962999999999
2639,0.5825805000000001
2640,1.6485079999999996
2641,5.014369
2642,3.537432
2643,6.744907
2644,4.805516
2645,8.564352
2646,20.631080000000004
2647,8.814731999999998
2648,2.0718179999999995
2649,0.2479272
2650,1.480583
2651,2.1197299999999997
2652,1.137331
2653,0.6768919
2654,0.7461309999999999
2655,0.6084191999999999
2656,1.496211
2657,5.392335
2658,0.5020046
2659,7.239466
2660,8.022102
2661,0.8722107000000001
2662,7.635198
2663,6.336492000000001
2664,3.046791
2665,15.730759999999998
2666,1.353297
2667,10.794509999999999
2668,0.1347743
2669,2.4877720000000005
2670,1.280607
2671,1.811739
2672,1.199925
2673,0.6107408
2674,1.3880199999999998
2675,9.541782000000001
2676,4.250207
2677,2.4520659999999994
2678,7.012325
2679,4.813148999999999
2680,7.131333000000001
2681,1.1120400000000001
2682,1.7872930000000005
2683,6.102751
2684,3.8519930000000002
2685,0.6212077
2686,0.4315876
2687,9.607862
2688,2.662765
2689,1.1827779999999999
2690,6.58901
2691,15.95305
2692,2.175829
2693,4.275059999999999
2694,4.986737
2695,13.27553
2696,0.9422016000000001
2697,1.121688
2698,0.35082420000000003
2699,2.9565279999999996
2700,4.927712
2701,0.1924172
2702,8.48141
2703,12.304779999999997
2704,2.2999190000000005
2705,0.43232060000000005
2706,0.22059410000000002
2707,0.29268209999999995
2708,0.8343157
2709,20.000999999999998
2710,0.1411573
2711,13.26619
2712,3.6877170000000006
2713,0.7064568
2714,2.7077090000000004
2715,1.818111
2716,3.5690530000000003
2717,3.193865
2718,11.791999999999998
2719,0.4712549999999999
2720,11.240374999999998
2721,0.6305761000000001
2722,11.5688
2723,0.3348144
2724,0.40276949999999995
2725,35.689600000000006
2726,53.504270000000005
2727,8.845968
2728,1.080712
2729,4.409985000000001
2730,0.5661722
2731,4.914844
2732,0.924812
2733,1.839782
2734,0.15940580000000001
2735,6.410301
2736,17.556400000000004
2737,1.0237286
2738,4.2194270000000005
2739,2.959257
2740,2.7045389999999996
2741,14.544529999999998
2742,3.764199
2743,16.64643
2744,4.491490000000001
2745,1.0362676
2746,2.0920170000000002
2747,0.5934672
2748,1.542932
2749,6.851428
2750,6.5656279999999985
2751,0.39671470000000003
2752,3.6772729999999996
2753,10.205099
2754,4.894730000000001
2755,2.630628
2756,0.16988730000000002
2757,0.6574433999999999
2758,6.986758999999999
2759,4.093122
2760,8.965748
2761,5.6954199999999995
2762,10.747399999999999
2763,7.346477999999999
2764,1.461481
2765,0.9748941999999999
2766,6.356484000000001
2767,4.853774
2768,0.8865273999999997
2769,5.80573
2770,0.5727648999999999
2771,1.6584039999999995
2772,0.34006759999999997
2773,3.5606479999999996
2774,5.972621000000001
2775,3.9523759999999997
2776,2.5307870000000006
2777,0.3143338
2778,5.438304
2779,2.978668
2780,1.0400519
2781,2.880358
2782,1.117431
2783,0.5917758
2784,2.3370779999999995
2785,2.0223920000000004
2786,2.2597169999999998
2787,0.9327508
2788,2.781747
2789,5.756954
2790,3.8812570000000006
2791,2.4340160000000006
2792,0.9620903000000001
2793,4.585196000000001
2794,1.315502
2795,9.647875
2796,7.486693
2797,4.528273
2798,6.560530000000002
2799,3.8642290000000004
2800,1.7978040000000004
2801,0.7202541
2802,2.109089
2803,1.1014590000000002
2804,5.691823000000001
2805,11.56092
2806,6.585899
2807,9.193846
2808,6.273075
2809,0.42007140000000004
2810,5.999083
2811,2.8556380000000003
2812,31.59805
2813,4.3424320000000005
2814,3.363037
2815,8.955977
2816,0.18744290000000002
2817,0.3598775
2818,0.5771645000000001
2819,2.6116420000000002
2820,8.694433
2821,2.2615600000000002
2822,2.375319
2823,22.643520000000002
2824,2.1623390000000002
2825,3.1408570000000005
2826,1.397834
2827,0.4135369000000001
2828,9.434137000000002
2829,7.521174
2830,1.0394417
2831,1.120264
2832,9.334741
2833,9.463699
2834,2.646975
2835,1.6459739999999996
2836,3.494727
2837,11.278670000000002
2838,0.2644372
2839,0.3963065
2840,2.889252
2841,1.8435
2842,3.8606799999999994
2843,1.464312
2844,1.272935
2845,48.20509
2846,0.41455659999999994
2847,1.342116
2848,7.509592999999998
2849,0.6314495
2850,3.2987580000000003
2851,3.4954879999999995
2852,13.576849999999999
2853,5.839212999999999
2854,1.492597
2855,3.070837
2856,1.9782259999999998
2857,0.17342929999999998
2858,2.2994379999999994
2859,1.006422
2860,5.239365
2861,1.212837
2862,1.083389
2863,2.422634
2864,15.202230000000004
2865,8.102689000000002
2866,0.4486863
2867,2.2226369999999998
2868,0.2967002999999999
2869,28.529809999999998
2870,1.444893
2871,0.2278486
2872,2.206411
2873,0.29146269999999996
2874,8.772910999999999
2875,0.18064699999999997
2876,0.45559559999999993
2877,3.4323830000000006
2878,1.1862469999999998
2879,1.8255400000000002
2880,10.509343999999999
2881,1.736508
2882,55.08278
2883,0.201787
2884,3.259941
2885,6.983096999999999
2886,0.6941841
2887,1.9306970000000003
2888,20.86964
2889,35.867990000000006
2890,5.514894
2891,2.276109
2892,3.989886
2893,0.8617963
2894,19.41191
2895,9.462293999999998
2896,1.416013
2897,13.55174
2898,8.528029
2899,29.505380000000002
2900,0.4465605999999999
2901,4.554200999999999
2902,0.4897302
2903,0.4047089
2904,1.321532
2905,2.788063
2906,14.65514
2907,2.9972000000000003
2908,16.74551
2909,1.1894689999999999
2910,0.7205267
2911,7.0796779999999995
2912,3.4402099999999995
2913,0.22112880000000001
2914,4.461756
2915,3.3046589999999996
2916,16.25543
2917,13.60024
2918,9.945911999999998
2919,1.5704090000000002
2920,10.26961
2921,8.327511000000001
2922,15.096179999999999
2923,4.014123
2924,6.221031
2925,2.8493160000000004
2926,3.5670270000000004
2927,7.677436999999999
2928,11.535960000000003
2929,4.3979669999999995
2930,0.4478228000000001
2931,5.749435
2932,4.8495669999999995
2933,3.7869770000000003
2934,1.8489550000000001
2935,1.410449
2936,1.764575
2937,1.2307479999999997
2938,6.302193000000001
2939,1.275226
2940,7.049898000000001
2941,2.7607880000000002
2942,8.29597
2943,2.896515
2944,1.5892640000000002
2945,2.9137130000000004
2946,2.768486
2947,8.913033
2948,1.574273
2949,3.7187989999999997
2950,0.3105475
2951,9.656605
2952,0.5548162
2953,5.44655
2954,2.792862
2955,1.5296999999999998
2956,3.458305
2957,3.8355200000000003
2958,13.93435
2959,4.367432
2960,2.989563
2961,10.55715
2962,1.9794359999999998
2963,0.40183939999999996
2964,0.46576380000000006
2965,0.8017596999999999
2966,1.2768810000000002
2967,0.6087493
2968,8.015074
2969,0.6018809999999999
2970,1.837255
2971,6.091208
2972,11.29366
2973,3.4101389999999996
2974,2.4659299999999997
2975,0.6183959
2976,1.276593
2977,2.483561
2978,56.59653999999999
2979,1.5257659999999997
2980,1.4027119999999997
2981,5.415627
2982,0.8330930000000001
2983,1.0114996
2984,0.9226070999999999
2985,3.119176
2986,2.701534
2987,0.8368149
2988,16.46941
2989,1.1995549999999997
2990,1.3541710000000002
2991,0.8330094000000001
2992,5.229412999999999
2993,0.1313925
2994,0.5393456999999999
2995,1.628015
2996,2.9994050000000003
2997,0.8516552
2998,1.6350389999999997
2999,55.664919999999995
3000,0.3287408
3001,19.495150000000002
3002,13.20883
3003,3.374899
3004,3.7290199999999993
3005,2.3963079999999994
3006,3.6654880000000007
3007,1.782144
3008,6.564268000000001
3009,35.218650000000004
3010,0.7186678000000001
3011,4.4509
3012,0.18776400000000001
3013,3.000225
3014,7.9573209999999985
3015,5.769754000000001
3016,1.103821
3017,11.384809999999998
3018,0.3351874
3019,6.274510000000001
3020,6.2566549999999985
3021,0.5748973000000002
3022,2.818138
3023,0.4172746
3024,9.442013
3025,15.841009999999997
3026,6.2605010000000005
3027,1.0869999999999997
3028,20.038890000000002
3029,9.258888
3030,1.596463
3031,2.3723440000000005
3032,1.09188
3033,1.6441219999999999
3034,3.3580330000000003
3035,0.21363279999999998
3036,4.905915
3037,4.6446
3038,1.9930220000000005
3039,13.16261
3040,4.239565000000001
3041,0.13668230000000003
3042,8.559207
3043,2.686051
3044,2.3762550000000005
3045,13.960730000000002
3046,8.118137
3047,1.0683059999999998
3048,1.020512
3049,51.448080000000004
3050,7.342346000000001
3051,0.7434249000000002
3052,4.435049000000001
3053,5.538685999999999
3054,9.766092000000002
3055,6.446517
3056,10.90411
3057,0.9546589000000001
3058,1.5451920000000001
3059,0.5846391000000001
3060,35.197239999999994
3061,27.17554
3062,0.8449289
3063,0.8157651999999999
3064,4.164731999999999
3065,0.9362356999999999
3066,1.153919
3067,4.798191
3068,0.4925476
3069,3.5176460000000005
3070,19.590989999999998
3071,0.8786911999999999
3072,1.5110559999999997
3073,0.8416534999999998
3074,0.9667249000000002
3075,4.86286
3076,20.474439999999998
3077,0.30009909999999995
3078,0.9111488999999999
3079,2.769412
3080,1.0891105000000003
3081,1.8371369999999998
3082,3.151817
3083,0.9786591999999998
3084,3.213968
3085,12.877360000000001
3086,6.1018810000000006
3087,4.342903
3088,0.3796273
3089,22.63277
3090,0.33350040000000003
3091,3.009687
3092,0.8419664000000001
3093,0.8216814000000001
3094,1.3890160000000003
3095,5.743989
3096,16.449499999999997
3097,3.1599459999999993
3098,1.3558489999999999
3099,9.263288999999999
3100,5.322178
3101,4.914130999999999
3102,0.35064470000000003
3103,0.7580291
3104,2.720317
3105,22.59678
3106,18.21752
3107,22.79794
3108,2.1585119999999995
3109,0.8877623
3110,6.255998000000001
3111,1.191172
3112,30.314630000000005
3113,2.2538570000000004
3114,9.887018999999999
3115,4.453977999999999
3116,7.981598000000001
3117,39.97088000000001
3118,0.3011912
3119,1.658682
3120,13.128525999999999
3121,6.5032250000000005
3122,1.7489899999999998
3123,33.40467
3124,13.62782
3125,0.19749369999999997
3126,0.4456089
3127,37.59307
3128,5.2972
3129,0.43432200000000004
3130,6.578266999999999
3131,7.068011
3132,11.31181
3133,3.386381
3134,2.082189
3135,1.5795210000000002
3136,0.14000839999999998
3137,0.2939337000000001
3138,0.9587380999999999
3139,12.76521
3140,1.1291602
3141,3.392247
3142,2.3815619999999997
3143,3.545561
3144,0.2322698
3145,0.7704938
3146,1.3687160000000003
3147,2.376227
3148,3.014857
3149,9.170909
3150,5.062223
3151,8.517495
3152,4.714423999999999
3153,2.083909
3154,5.15482
3155,11.95439
3156,3.9221820000000003
3157,3.1808679999999994
3158,1.4433599999999998
3159,0.42032790000000003
3160,5.921032000000001
3161,5.958335
3162,3.7008859999999997
3163,2.4965680000000003
3164,0.7512901
3165,16.187669999999997
3166,1.0830453000000002
3167,20.653010000000002
3168,1.186504
3169,0.7181532999999999
3170,13.192670000000001
3171,2.133377
3172,4.278760999999999
3173,0.9668990000000001
3174,0.3239608
3175,14.64892
3176,9.296486999999999
3177,0.6676599000000001
3178,3.550128
3179,11.828589999999998
3180,5.706222000000002
3181,14.554649999999999
3182,25.30654
3183,14.268500000000003
3184,4.708438
3185,11.622109999999997
3186,2.5034579999999997
3187,1.6543690000000002
3188,0.6602102
3189,0.8242790000000001
3190,3.5650949999999995
3191,1.347833
3192,12.751840000000001
3193,4.636177999999999
3194,0.766316
3195,1.5996759999999997
3196,4.1212349999999995
3197,13.98509
3198,2.7128620000000003
3199,0.5287565
3200,1.235031
3201,2.4461209999999998
3202,7.169928000000001
3203,4.855453
3204,2.063218
3205,17.88656
3206,7.281726999999999
3207,9.349782000000001
3208,7.692418000000001
3209,15.715100000000001
3210,0.8775783
3211,12.95641
3212,0.42361850000000006
3213,0.6443267
3214,26.57658
3215,1.952545
3216,5.698155999999999
3217,7.132194000000001
3218,1.865414
3219,3.1233370000000003
3220,4.047555
3221,3.6743580000000002
3222,0.654581
3223,4.7424990000000005
3224,3.8944840000000007
3225,2.4674559999999994
3226,12.70237
3227,1.5190290000000002
3228,12.72502
3229,0.3476370999999999
3230,19.363830000000004
3231,2.089947
3232,4.448124
3233,1.284763
3234,9.662415
3235,1.285471
3236,16.85499
3237,0.9971041000000002
3238,2.5978630000000003
3239,2.457966
3240,11.763049999999998
3241,2.4393979999999997
3242,8.860380000000001
3243,0.2615699
3244,6.698583999999999
3245,1.249039
3246,4.545944
3247,2.68502
3248,1.453163
3249,11.439524
3250,7.614899999999999
3251,0.7369971
3252,2.102043
3253,6.492485
3254,3.794314
3255,2.9272389999999997
3256,4.021388
3257,0.6614677
3258,3.261555
3259,0.4769819
3260,7.980397999999998
3261,4.4122509999999995
3262,1.16428
3263,3.519368000000001
3264,6.466936999999999
3265,8.340449
3266,1.248269
3267,1.404044
3268,1.411375
3269,3.518313
3270,0.5785053
3271,0.9116926999999999
3272,10.27992
3273,12.292788
3274,0.6343810999999999
3275,5.539147
3276,7.2439110000000015
3277,9.151501
3278,1.5401699999999998
3279,15.669410000000003
3280,1.5224870000000004
3281,4.340436
3282,19.08475
3283,7.412831999999999
3284,1.5520559999999999
3285,0.6238311000000001
3286,2.17071
3287,0.28397120000000003
3288,1.942608
3289,3.467192
3290,6.764331999999999
3291,0.5972873999999999
3292,1.7589789999999996
3293,8.030382
3294,0.3379564
3295,1.3471959999999998
3296,13.543420000000003
3297,0.8444122999999999
3298,21.422199999999997
3299,6.254258999999999
3300,0.714855
3301,13.865480000000002
3302,3.3203020000000003
3303,0.4445240000000001
3304,2.41447
3305,1.3926390000000002
3306,7.631247
3307,2.245224
3308,2.058561
3309,7.376149000000001
3310,13.67356
3311,38.54085
3312,6.889034
3313,0.7245586
3314,2.6879389999999996
3315,24.801580000000005
3316,5.758506000000001
3317,1.1171710000000001
3318,1.297579
3319,4.182469
3320,0.2415695
3321,2.086687
3322,4.816611
3323,1.945964
3324,1.8293519999999996
3325,1.782477
3326,16.422120000000003
3327,0.5653871
3328,2.081249
3329,0.5953138
3330,0.5899908999999999
3331,1.851612
3332,74.32768999999999
3333,3.017911
3334,3.3050919999999997
3335,35.49187
3336,0.5493283999999999
3337,0.5929247999999999
3338,2.774298
3339,3.519023
3340,7.486413000000001
3341,9.438492
3342,10.861462
3343,0.9189263999999999
3344,3.718191
3345,4.2935479999999995
3346,1.23636
3347,2.2083570000000003
3348,0.15546739999999998
3349,3.155757
3350,3.7033409999999995
3351,5.720381
3352,12.26108
3353,5.518867999999999
3354,1.0220351
3355,3.942979
3356,1.4505690000000002
3357,4.011627
3358,2.062164
3359,6.587274000000001
3360,0.9092475
3361,6.635915
3362,5.350261999999999
3363,1.4405000000000001
3364,3.9006410000000002
3365,0.3898581
3366,0.5367268999999999
3367,0.6550166999999999
3368,3.540631
3369,0.32470810000000006
3370,4.383395
3371,8.150946000000001
3372,30.78274
3373,22.9945
3374,1.308749
3375,1.5662909999999999
3376,0.1529787
3377,3.714257000000001
3378,5.6267450000000006
3379,8.206115
3380,14.282140000000002
3381,0.8979603999999999
3382,1.7252789999999998
3383,2.667677
3384,4.952533
3385,2.074107
3386,1.9953879999999997
3387,3.6618079999999997
3388,0.1236869
3389,18.91256
3390,0.5153617
3391,13.712329999999998
3392,4.955574
3393,5.2416290000000005
3394,8.536095
3395,22.029310000000002
3396,4.506287
3397,1.168699
3398,4.151403
3399,25.90405
3400,1.5219179999999999
3401,3.734503
3402,0.7273012000000001
3403,11.633152
3404,21.48762
3405,1.0198908
3406,3.7825739999999994
3407,0.536484
3408,2.8085639999999996
3409,5.108886
3410,42.210510000000006
3411,1.901943
3412,0.854345
3413,12.370339999999999
3414,0.5047665
3415,9.988416999999998
3416,3.2239829999999996
3417,3.0110870000000007
3418,4.386171
3419,6.927742
3420,9.243599000000001
3421,7.363755
3422,0.9842954
3423,0.21998219999999996
3424,8.314767999999999
3425,0.7003680000000001
3426,6.384489
3427,2.3340179999999995
3428,1.7518320000000003
3429,1.5096479999999999
3430,50.06524
3431,0.1828141
3432,0.5935153000000001
3433,2.4764520000000005
3434,0.9348131000000001
3435,2.085899
3436,1.779955
3437,1.621775
3438,14.79385
3439,2.3665640000000003
3440,1.643479
3441,0.5780845
3442,6.2754840000000005
3443,28.089209999999998
3444,17.6429
3445,2.8665089999999998
3446,11.179419999999999
3447,5.22161
3448,11.4267
3449,1.7866279999999999
3450,0.8809259999999999
3451,9.201204
3452,1.843572
3453,0.8055546
3454,0.6328623
3455,3.286352
3456,6.168200999999999
3457,0.6986981
3458,0.5369635
3459,27.36345
3460,1.3304199999999997
3461,4.677574999999999
3462,4.650537999999999
3463,6.368149000000001
3464,13.364189999999999
3465,13.99417
3466,28.777829999999994
3467,1.0414564000000002
3468,2.6880420000000003
3469,28.468839999999993
3470,9.317913999999998
3471,1.324728
3472,5.830782
3473,10.1566
3474,0.12043460000000002
3475,6.717465999999999
3476,0.4373514
3477,1.8431460000000002
3478,4.253856000000001
3479,3.6322810000000003
3480,1.4440199999999999
3481,11.204379999999999
3482,13.361489999999998
3483,23.75741
3484,4.865947000000001
3485,2.8677889999999997
3486,17.030659999999997
3487,23.21542
3488,10.396865000000002
3489,1.952938
3490,0.27615280000000003
3491,6.3348270000000015
3492,2.436481
3493,2.553874
3494,6.553770000000002
3495,1.5987589999999998
3496,1.3518950000000003
3497,23.375839999999997
3498,3.29104
3499,6.40178
3500,0.7487494
3501,3.128991
3502,1.3327419999999999
3503,0.5762912
3504,3.992167
3505,0.1993116
3506,1.5074170000000002
3507,1.239906
3508,1.377729
3509,2.9966429999999997
3510,3.103122
3511,5.68417
3512,2.269809
3513,0.1438129
3514,14.064680000000001
3515,1.1574760000000002
3516,7.650777
3517,3.2641509999999996
3518,3.8459069999999995
3519,4.327242
3520,6.37238
3521,2.472792
3522,1.8900659999999998
3523,0.45416460000000003
3524,10.133764000000001
3525,14.48185
3526,2.943221
3527,0.4611546000000001
3528,0.48225310000000005
3529,12.614149999999999
3530,4.239818
3531,0.7400145
3532,1.805075
3533,0.3887202
3534,4.89597
3535,0.35055310000000006
3536,4.118434000000001
3537,0.8452870000000001
3538,6.426452
3539,1.8351400000000002
3540,7.632071999999999
3541,2.607036
3542,4.135188
3543,6.685295999999999
3544,1.3300370000000004
3545,13.844894
3546,19.89132
3547,5.084492
3548,10.8714
3549,0.35117760000000003
3550,13.682749999999999
3551,0.7234651999999999
3552,0.6412137
3553,13.680599999999998
3554,3.2387949999999996
3555,0.9439547000000001
3556,29.653570000000002
3557,1.818253
3558,4.545892
3559,2.628177
3560,12.025977000000001
3561,22.82249
3562,2.8289750000000007
3563,0.7353643000000001
3564,2.478539
3565,6.748626
3566,2.216767
3567,3.533007
3568,7.981971999999999
3569,62.17503000000001
3570,22.425939999999997
3571,0.2251005
3572,3.4590769999999997
3573,6.48288
3574,3.0632870000000003
3575,1.1426582
3576,1.5926099999999999
3577,7.522330999999999
3578,0.29550110000000007
3579,1.0104454
3580,15.973989999999997
3581,10.936670000000001
3582,11.93661
3583,1.646873
3584,5.101518
3585,4.303177
3586,1.810336
3587,0.4102073
3588,1.5469240000000002
3589,1.4261759999999999
3590,1.137184
3591,2.138213
3592,1.97744
3593,10.1714
3594,0.14430929999999997
3595,22.730030000000006
3596,35.646969999999996
3597,9.061211999999998
3598,8.007915
3599,4.917957000000001
3600,0.15482839999999998
3601,2.303999
3602,5.1683150000000015
3603,9.082795
3604,4.405659
3605,4.513315
3606,32.06967999999999
3607,3.3649789999999995
3608,3.4147239999999996
3609,2.573308
3610,36.11956
3611,9.199287
3612,1.5470220000000001
3613,0.3073779
3614,4.44996
3615,0.6320567999999999
3616,29.096200000000003
3617,2.7226610000000004
3618,9.746980000000002
3619,0.7851475000000001
3620,5.310484999999999
3621,10.81238
3622,34.83544
3623,1.309767
3624,1.575552
3625,1.2741490000000002
3626,2.7562270000000004
3627,1.8617600000000003
3628,0.18717399999999998
3629,4.926779999999999
3630,5.327438
3631,1.160053
3632,5.964288999999999
3633,8.217578
3634,16.617200000000004
3635,2.042356
3636,8.269135000000002
3637,3.2433080000000003
3638,0.40534290000000006
3639,4.859285999999999
3640,0.14650489999999997
3641,1.8459530000000002
3642,2.8878479999999995
3643,5.817483
3644,2.7127900000000005
3645,6.278972999999999
3646,0.41345020000000005
3647,2.2001709999999997
3648,5.805969000000001
3649,11.60582
3650,1.5849639999999998
3651,6.28538
3652,9.432549000000002
3653,2.076471
3654,7.538303999999999
3655,0.06901013
3656,5.210127999999999
3657,0.49312210000000006
3658,3.0750070000000003
3659,0.9678425
3660,0.25719759999999997
3661,11.74147
3662,0.5108246999999999
3663,7.180067000000001
3664,17.73039
3665,11.931680000000002
3666,7.896941
3667,22.754230000000003
3668,1.501741
3669,3.4360079999999997
3670,0.7596998
3671,3.487131
3672,0.20746249999999997
3673,1.68805
3674,2.463991
3675,6.064076000000001
3676,1.222718
3677,0.42949790000000004
3678,1.52259
3679,43.566140000000004
3680,2.6800780000000004
3681,3.1451420000000003
3682,0.140198
3683,0.29995910000000003
3684,6.5678209999999995
3685,2.275418
3686,9.243599000000001
3687,1.2388549999999998
3688,1.7675480000000001
3689,0.7746190000000001
3690,0.8415771000000001
3691,1.4430999999999996
3692,1.283152
3693,3.1929169999999996
3694,6.460853
3695,0.1501264
3696,31.299289999999996
3697,3.099136
3698,0.7021754
3699,6.933705999999999
3700,1.3291620000000002
3701,1.9215690000000003
3702,0.17769839999999998
3703,21.80149
3704,18.04288
3705,1.135818
3706,0.19103600000000004
3707,2.1573160000000002
3708,0.3593026
3709,2.320518
3710,1.4845309999999998
3711,1.0493232999999997
3712,6.037039
3713,2.904261
3714,3.2652039999999998
3715,2.7095589999999996
3716,2.9882509999999995
3717,2.274941
3718,4.010076
3719,17.776190000000003
3720,0.2129049
3721,1.6778319999999998
3722,0.6089055999999999
3723,11.531290000000002
3724,3.070195
3725,14.27867
3726,1.8745990000000003
3727,1.6193819999999999
3728,2.1465300000000003
3729,11.53685
3730,11.320680000000001
3731,3.6861810000000004
3732,3.5429240000000006
3733,5.443622
3734,0.19231430000000002
3735,2.186165
3736,2.2591349999999997
3737,2.334655
3738,1.844068
3739,4.948779
3740,2.563579
3741,0.1887817
3742,4.843527
3743,0.5724062
3744,1.0992929999999999
3745,6.75338
3746,3.262388
3747,1.6637229999999998
3748,2.0739599999999996
3749,8.880935000000001
3750,0.5903773
3751,0.12304179999999998
3752,19.17366
3753,0.2632406
3754,0.2382983
3755,2.0784130000000003
3756,0.5834882999999998
3757,1.8570529999999998
3758,2.696535
3759,0.31688299999999997
3760,2.032001
3761,0.9799706999999998
3762,2.6924459999999995
3763,0.3364752999999999
3764,0.09542291
3765,0.6886684
3766,2.9545500000000002
3767,1.5248460000000001
3768,1.668541
3769,3.8020559999999994
3770,4.374042
3771,14.579640000000001
3772,0.21756669999999997
3773,21.22345
3774,0.8202162000000002
3775,1.840595
3776,0.6617065
3777,2.6685489999999996
3778,8.850005999999999
3779,1.2468099999999998
3780,0.20382240000000001
3781,10.878919999999999
3782,6.924246000000001
3783,0.5789305
3784,4.598046999999999
3785,6.164504
3786,5.328173
3787,1.747758
3788,0.21836420000000004
3789,4.60863
3790,6.932065
3791,1.7451519999999998
3792,3.122268
3793,0.7107425999999999
3794,21.482010000000002
3795,0.4890453
3796,4.564787999999999
3797,2.2987810000000004
3798,5.945503
3799,4.809301
3800,2.2135850000000006
3801,36.56952
3802,4.305087
3803,0.3519449
3804,16.81502
3805,3.0958929999999993
3806,1.359659
3807,14.393189999999999
3808,24.62572
3809,1.7708710000000003
3810,0.2838595
3811,2.843136999999999
3812,6.2280429999999996
3813,2.174181
3814,3.116879
3815,24.05752
3816,7.163561000000001
3817,28.235949999999995
3818,3.9219440000000008
3819,2.324687
3820,45.03034000000001
3821,15.925180000000001
3822,2.761233
3823,2.73158
3824,1.381186
3825,2.426968
3826,8.9174
3827,65.44294
3828,18.454250000000002
3829,23.28303
3830,1.0321851999999998
3831,4.626558
3832,14.39849
3833,1.246502
3834,11.742650000000001
3835,14.949059999999998
3836,0.9474028000000001
3837,4.533443
3838,28.62834
3839,16.71406
3840,5.051672
3841,2.3420199999999998
3842,0.3785010000000001
3843,0.6513037999999999
3844,0.45928769999999997
3845,60.806189999999994
3846,13.435970000000001
3847,0.12452529999999999
3848,4.818950000000001
3849,1.6008390000000001
3850,2.3508899999999997
3851,0.1348913
3852,3.9063790000000003
3853,23.621159999999996
3854,42.09261
3855,2.585783
3856,16.560760000000002
3857,4.931991999999999
3858,4.192808
3859,10.403476
3860,2.095556
3861,0.3897376
3862,30.811880000000002
3863,5.065599999999999
3864,8.057996
3865,1.0187227
3866,1.428
3867,2.97452
3868,5.521331000000001
3869,1.2904520000000002
3870,2.426418
3871,7.603877
3872,7.346050000000001
3873,1.0248344
3874,6.876683
3875,8.402396
3876,1.8762989999999995
3877,0.2009833
3878,4.343439
3879,84.48103999999998
3880,4.128891
3881,7.349726000000001
3882,0.27580039999999995
3883,6.567780000000001
3884,0.4767843
3885,1.8067609999999998
3886,1.4938179999999999
3887,0.1815225
3888,18.96208
3889,1.4177710000000001
3890,0.4148006999999999
3891,1.123975
3892,4.573347
3893,3.082301
3894,15.517239999999997
3895,1.3837190000000001
3896,0.6173491
3897,2.394158
3898,4.4185929999999995
3899,0.9720216
3900,13.363499999999998
3901,1.6753399999999998
3902,6.264752
3903,23.798080000000002
3904,3.627266
3905,1.1191900000000001
3906,0.1932694
3907,7.102863999999999
3908,6.8117220000000005
3909,9.844138
3910,3.92893
3911,0.5564658
3912,7.212842
3913,1.097203
3914,1.606466
3915,4.155295000000001
3916,4.304562
3917,0.4868766
3918,3.9936949999999998
3919,0.691905
3920,1.0778379999999996
3921,4.893525
3922,3.0756779999999995
3923,0.19378630000000002
3924,2.5250250000000003
3925,16.66978
3926,2.511335
3927,9.744644
3928,9.965505
3929,3.5046650000000006
3930,12.434999999999999
3931,0.7173462
3932,0.6274504999999999
3933,1.1806729999999999
3934,1.8280569999999998
3935,4.305868000000001
3936,1.567067
3937,0.2976857
3938,1.878812
3939,1.5728299999999997
3940,2.419649
3941,0.40992090000000003
3942,0.7416743
3943,0.9124995
3944,12.484469999999998
3945,2.491693
3946,1.7706810000000002
3947,7.797402
3948,0.34791580000000005
3949,1.096575
3950,2.9582240000000004
3951,2.1016110000000006
3952,5.042336000000001
3953,1.628746
3954,7.624447999999999
3955,2.9823170000000006
3956,3.756806
3957,32.03974999999999
3958,0.8196434000000001
3959,1.446558
3960,2.5536079999999997
3961,8.196304999999999
3962,42.82235000000001
3963,9.648026
3964,6.170281999999999
3965,13.55413
3966,11.605250000000002
3967,6.792316000000001
3968,0.47968679999999997
3969,18.636100000000003
3970,0.33665629999999996
3971,0.9319256000000001
3972,4.844533
3973,4.162432
3974,1.0094962
3975,2.298828
3976,8.313038000000002
3977,0.30033500000000013
3978,11.388173
3979,5.8418410000000005
3980,5.012742
3981,6.4537189999999995
3982,0.5083936
3983,7.842094
3984,14.096790000000002
3985,0.9681806
3986,0.692353
3987,13.85427
3988,1.0732586
3989,4.287706000000001
3990,1.887302
3991,2.960752
3992,0.4433387999999999
3993,10.541480000000002
3994,1.6895189999999995
3995,5.82521
3996,6.389096
3997,1.070243
3998,3.089798
3999,12.19361
4000,6.60425
4001,0.8410921
4002,2.556883
4003,0.727414
4004,3.8919979999999996
4005,4.6017090000000005
4006,3.088833
4007,18.262940000000004
4008,1.3410980000000001
4009,1.142097
4010,3.6135759999999997
4011,1.5268160000000002
4012,2.8535049999999997
4013,0.24685900000000008
4014,38.936969999999995
4015,2.408972
4016,1.0199283
4017,9.610968999999999
4018,4.637447
4019,13.17607
4020,0.3140305
4021,0.2868087
4022,5.199351999999999
4023,0.18153619999999998
4024,4.243299
4025,0.6848256000000001
4026,14.59257
4027,2.36272
4028,2.408421
4029,3.322533
4030,8.699686
4031,11.04563
4032,3.0038329999999993
4033,1.6580759999999994
4034,2.629252
4035,0.35906269999999996
4036,1.9505930000000002
4037,2.0387069999999996
4038,2.347924
4039,3.751746
4040,11.301930000000002
4041,0.2218928
4042,0.5385281
4043,0.32643880000000003
4044,2.1555280000000003
4045,1.950476
4046,79.49913000000001
4047,16.11951
4048,0.5980449
4049,19.90062
4050,8.978002999999998
4051,1.1295690000000003
4052,1.0866589999999998
4053,2.394085
4054,2.9892059999999994
4055,10.041462000000001
4056,18.080530000000003
4057,9.912680999999997
4058,2.536791
4059,22.86074
4060,2.367096
4061,4.535034
4062,0.4917321
4063,8.146291000000002
4064,0.4156734
4065,5.520581
4066,0.9040599
4067,0.35641510000000004
4068,9.763122000000001
4069,79.60792000000001
4070,7.057866
4071,10.717659999999999
4072,2.950208
4073,2.014676
4074,3.292441
4075,4.805296
4076,3.1870900000000004
4077,0.23049600000000003
4078,26.57658
4079,34.547810000000005
4080,8.260258
4081,6.493310000000001
4082,3.0364169999999997
4083,0.8931553999999998
4084,0.08367485000000001
4085,2.7183400000000004
4086,6.0705089999999995
4087,8.819404
4088,5.685384999999999
4089,0.8318997000000001
4090,2.183229
4091,18.63245
4092,3.5469250000000003
4093,5.191257
4094,16.57516
4095,3.60197
4096,4.361549999999999
4097,3.945087
4098,0.6841014000000001
4099,4.905158999999999
4100,2.028677
4101,0.8569758000000001
4102,0.2972456
4103,4.890641
4104,3.9319249999999997
4105,0.35016520000000007
4106,0.7797001999999998
4107,10.419070000000001
4108,5.343291000000001
4109,0.2371076
4110,18.63945
4111,1.0788909999999998
4112,35.1421
4113,3.9279579999999994
4114,2.759266
4115,17.589230000000004
4116,1.827879
4117,1.022933
4118,1.317165
4119,25.68571
4120,6.805535000000001
4121,17.437820000000002
4122,2.1948029999999994
4123,17.28345
4124,18.058500000000002
4125,1.7482659999999999
4126,2.5243659999999997
4127,0.9453964000000001
4128,1.9770690000000002
4129,4.472582
4130,28.626559999999994
4131,2.146109
4132,0.42610190000000003
4133,4.404367
4134,8.589579999999998
4135,1.582631
4136,1.6409750000000003
4137,6.273614
4138,25.87578
4139,3.864904
4140,9.971217999999999
4141,10.242914
4142,0.21023670000000005
4143,4.887755
4144,1.1703610000000002
4145,5.5163160000000016
4146,3.486351
4147,14.40129
4148,14.382829999999998
4149,3.253275
4150,3.891762
4151,8.982645999999999
4152,0.32360219999999995
4153,4.79204
4154,7.144641
4155,1.639086
4156,0.5073747999999999
4157,3.2887189999999995
4158,11.05715
4159,2.7916920000000003
4160,11.815460000000002
4161,8.856596
4162,0.8185106999999998
4163,0.8172869
4164,1.29969
4165,9.311726
4166,3.9305790000000003
4167,0.20047920000000002
4168,2.745594
4169,2.477662
4170,3.592985999999999
4171,0.6343595
4172,1.127438
4173,3.295255
4174,27.8707
4175,1.795186
4176,3.256609
4177,3.214326
4178,1.6639509999999997
4179,17.17845
4180,0.1070688
4181,4.631673
4182,0.4737986
4183,30.27334
4184,12.224060000000001
4185,3.0423700000000005
4186,9.842767
4187,0.5489447000000001
4188,1.9633139999999998
4189,7.183676000000001
4190,13.39759
4191,0.29330059999999997
4192,6.084334
4193,0.34043690000000004
4194,26.23723
4195,5.900003000000002
4196,5.061724000000002
4197,1.074109
4198,0.9088518000000001
4199,13.627619999999999
4200,1.997121
4201,1.104153
4202,0.8382814999999999
4203,4.902044999999999
4204,6.417432
4205,1.3910310000000004
4206,1.1492448
4207,3.3605909999999994
4208,5.233821000000001
4209,50.03126
4210,32.7466
4211,0.9297853999999999
4212,1.140549
4213,1.630244
4214,30.729060000000004
4215,19.883360000000003
4216,0.9920605000000002
4217,1.81147
4218,8.842782
4219,3.6001060000000003
4220,5.089429
4221,3.970607
4222,1.34907
4223,5.247382
4224,7.960030000000001
4225,0.23711829999999995
4226,0.251218
4227,14.623000000000001
4228,1.361387
4229,11.96736
4230,0.5530823
4231,3.650568
4232,8.578045
4233,0.8750684999999999
4234,5.502829
4235,0.5304452000000001
4236,22.516240000000003
4237,13.590179999999998
4238,4.770131999999999
4239,2.8562509999999994
4240,4.710749000000002
4241,0.9541081000000002
4242,6.553186000000001
4243,1.6412390000000001
4244,3.761413
4245,1.7907319999999998
4246,1.045265
4247,4.467589
4248,2.706944
4249,3.4736089999999997
4250,3.3024190000000004
4251,1.5918450000000002
4252,3.596044
4253,0.8411736999999999
4254,1.955893
4255,3.284152
4256,14.90973
4257,4.837598000000001
4258,4.337825
4259,2.134194
4260,6.761686
4261,2.147042
4262,10.180454999999998
4263,0.22399729999999995
4264,12.85036
4265,0.5726155
4266,19.344710000000003
4267,1.1492289999999998
4268,18.063130000000005
4269,22.731789999999997
4270,14.40606
4271,2.4436530000000003
4272,7.925126000000001
4273,6.3730150000000005
4274,1.0297715
4275,1.5644769999999997
4276,12.2866
4277,4.793625
4278,10.081468999999998
4279,7.400809
4280,13.81135
4281,6.650206
4282,2.7135849999999997
4283,2.7861389999999995
4284,7.511832
4285,3.6501459999999994
4286,4.320786
4287,1.6387430000000003
4288,5.459164
4289,0.4751004999999998
4290,7.813843999999999
4291,7.983553000000001
4292,5.736928000000001
4293,1.070344
4294,6.705842
4295,0.7824356000000001
4296,6.079313000000001
4297,2.3693199999999996
4298,1.1144783999999999
4299,0.34283110000000006
4300,12.156938
4301,6.138798
4302,1.9691139999999998
4303,3.9544709999999994
4304,2.4675709999999995
4305,12.28355
4306,7.873162000000001
4307,0.31209299999999995
4308,13.629389999999997
4309,1.0324782000000001
4310,18.76814
4311,0.898907
4312,2.1332519999999997
4313,0.18161310000000003
4314,0.7207403000000001
4315,14.308670000000003
4316,0.8559468000000001
4317,3.3990789999999995
4318,2.2143140000000003
4319,1.8959430000000004
4320,11.427309999999999
4321,0.44774329999999996
4322,0.9980934000000001
4323,1.659206
4324,10.014802
4325,6.416135
4326,0.7852654
4327,4.4117429999999995
4328,31.1933
4329,0.39196929999999996
4330,5.623043000000001
4331,2.038634
4332,7.662920999999999
4333,1.3665520000000002
4334,1.8014110000000003
4335,1.7133040000000002
4336,1.211681
4337,0.163418
4338,1.6891770000000002
4339,3.185554
4340,7.376040000000001
4341,2.045899
4342,4.616678
4343,0.9319313999999999
4344,0.22487629999999997
4345,4.985152999999999
4346,1.188325
4347,1.2036740000000001
4348,0.4050397
4349,0.7580719000000001
4350,1.488157
4351,0.46193599999999996
4352,1.2291440000000002
4353,3.0315400000000006
4354,5.182194
4355,3.689101
4356,9.3997
4357,23.34354
4358,2.9394929999999997
4359,8.277308999999999
4360,34.65155
4361,0.9869400999999998
4362,1.8113770000000002
4363,24.519009999999998
4364,1.328183
4365,0.5180499999999999
4366,0.46979160000000003
4367,1.950776
4368,2.532121
4369,4.652969999999999
4370,0.7248174000000001
4371,5.096446
4372,6.157598
4373,5.839653999999999
4374,0.4028818
4375,2.734047
4376,0.8453607999999999
4377,7.754003999999999
4378,1.742188
4379,22.3539
4380,1.5889790000000001
4381,1.8744900000000002
4382,1.73985
4383,4.986451
4384,3.0519100000000003
4385,1.604072
4386,4.834303
4387,2.641684
4388,8.673337
4389,1.529581
4390,0.9821109
4391,1.139039
4392,13.003359999999997
4393,1.832623
4394,1.7871280000000003
4395,0.35683929999999997
4396,3.223166
4397,7.292460000000001
4398,9.930996999999998
4399,2.632518
4400,0.31529280000000004
4401,2.329409
4402,0.509002
4403,3.5759919999999994
4404,17.92199
4405,2.3975049999999998
4406,1.1373440000000001
4407,7.933592
4408,3.769982
4409,10.862210000000001
4410,4.601674
4411,8.107425
4412,2.106682
4413,31.19592
4414,5.119612
4415,3.814685
4416,0.8765491000000001
4417,2.1483220000000003
4418,58.90376
4419,1.5335239999999999
4420,0.13577350000000002
4421,0.9532069
4422,3.29805
4423,2.8986740000000006
4424,0.5280935
4425,2.3559599999999996
4426,20.57226
4427,22.08345
4428,7.585159
4429,0.8929200999999999
4430,5.9871479999999995
4431,0.30262330000000004
4432,9.530204000000001
4433,0.9169854000000001
4434,0.5250973
4435,7.747093999999999
4436,5.977241000000001
4437,1.9513650000000002
4438,11.57291
4439,0.28539450000000005
4440,21.954590000000003
4441,7.308632000000001
4442,7.982237
4443,14.052169999999998
4444,5.872292
4445,1.0174604999999999
4446,1.338307
4447,27.994889999999998
4448,1.0613209
4449,3.8824780000000003
4450,7.166198999999999
4451,0.5840006000000001
4452,0.7473518
4453,3.443093
4454,0.9637979
4455,21.148850000000003
4456,8.803144
4457,3.061571999999999
4458,2.1361099999999995
4459,0.8217585
4460,8.790261999999998
4461,3.4042529999999998
4462,2.016149
4463,1.16914
4464,0.5471623000000001
4465,2.4436729999999995
4466,0.8742468999999999
4467,0.5591486
4468,36.32067
4469,0.7989440999999999
4470,5.4498310000000005
4471,1.3339819999999998
4472,1.231331
4473,4.571505
4474,10.003682
4475,4.934615
4476,2.381956
4477,0.10197864000000001
4478,0.7000199000000003
4479,10.302211000000002
4480,0.21703479999999997
4481,6.693186
4482,8.115312
4483,10.092965
4484,1.1445219999999998
4485,0.9873386
4486,38.59434
4487,1.6193819999999999
4488,1.0288902
4489,4.226278
4490,0.5607709999999999
4491,2.77787
4492,1.7467290000000002
4493,1.446652
4494,10.70629
4495,1.44176
4496,2.767239
4497,5.233885000000001
4498,0.22232439999999998
4499,15.894119999999997
4500,2.6665179999999995
4501,1.086535
4502,9.155002
4503,1.744341
4504,6.476521999999998
4505,2.7339229999999994
4506,7.562049999999999
4507,4.991238000000001
4508,3.9665529999999998
4509,0.1400737
4510,1.096828
4511,2.578049
4512,0.7835911999999999
4513,1.6319810000000001
4514,4.831459000000001
4515,4.8053099999999995
4516,5.885286000000001
4517,6.863913000000001
4518,12.441259999999998
4519,15.2882
4520,1.726652
4521,6.909369000000001
4522,11.921040000000001
4523,10.295393999999998
4524,2.165681
4525,1.84985
4526,1.0617820000000002
4527,11.39713
4528,7.094847999999999
4529,0.4368741000000001
4530,1.078829
4531,5.990715999999999
4532,2.777029
4533,1.2611140000000003
4534,17.23761
4535,1.3813210000000002
4536,1.271074
4537,12.967220000000001
4538,9.396211000000001
4539,6.564265999999999
4540,0.6929745999999998
4541,4.811018
4542,6.443842999999999
4543,17.59377
4544,0.15405120000000003
4545,5.173876
4546,3.4928180000000006
4547,2.090103
4548,4.571476
4549,2.122756
4550,3.226388
4551,5.530193000000001
4552,5.78628
4553,6.9534210000000005
4554,2.069462
4555,0.23888309999999996
4556,3.593562000000001
4557,26.31021
4558,4.958269
4559,14.788820000000001
4560,3.914221
4561,8.543076
4562,0.4772649000000001
4563,11.2514
4564,3.503087
4565,0.5247200999999999
4566,0.2639041
4567,4.307497
4568,3.8529449999999996
4569,0.1264076
4570,2.4873230000000004
4571,7.442311000000001
4572,1.6413920000000002
4573,7.255629999999999
4574,19.400889999999997
4575,2.266901
4576,4.448065
4577,0.9561031
4578,2.8560950000000003
4579,20.786390000000004
4580,5.886967
4581,3.1753440000000004
4582,2.0261819999999995
4583,0.7848104
4584,0.6149459999999999
4585,0.639595
4586,0.09059231
4587,0.9318218
4588,2.318689
4589,0.2192297
4590,2.8139050000000005
4591,2.8122819999999997
4592,1.372217
4593,6.010778
4594,13.340050000000002
4595,6.315758000000001
4596,2.7945210000000005
4597,1.705519
4598,21.74653
4599,15.056519999999997
4600,0.9925896
4601,3.5317920000000003
4602,2.035229
4603,0.8169198000000002
4604,5.710125
4605,4.616268
4606,10.220257
4607,2.1598770000000003
4608,1.8804599999999998
4609,22.57112
4610,2.536327
4611,17.21918
4612,1.6702699999999997
4613,0.22332769999999996
4614,1.240203
4615,2.5254509999999994
4616,0.5252221
4617,3.3763299999999994
4618,11.13433
4619,3.813256
4620,7.564252999999999
4621,2.0174019999999997
4622,3.165254
4623,4.626658999999999
4624,2.427747
4625,2.228021
4626,20.397180000000002
4627,1.866362
4628,12.945739999999997
4629,3.4151959999999995
4630,9.459292999999999
4631,10.526710000000001
4632,0.15652839999999996
4633,0.5792354
4634,8.729309
4635,1.1436570000000001
4636,2.494655
4637,1.3939489999999999
4638,3.9889940000000004
4639,3.987102
4640,5.918714999999999
4641,34.08169
4642,23.43112
4643,18.36474
4644,5.022539000000001
4645,2.6640740000000003
4646,0.6921480000000001
4647,1.4555960000000001
4648,3.119997
4649,1.147549
4650,7.803392
4651,17.63362
4652,2.0704420000000003
4653,0.9263617999999998
4654,0.5512300000000001
4655,0.7052444
4656,0.9099311
4657,2.6913419999999997
4658,3.9929430000000004
4659,28.40365
4660,5.277150000000001
4661,1.202784
4662,19.37301
4663,0.375394
4664,2.0563520000000004
4665,0.7186492999999999
4666,5.961584
4667,1.227289
4668,7.305625999999999
4669,2.2585830000000002
4670,1.531829
4671,0.9581446
4672,0.3944024
4673,14.503960000000001
4674,1.562094
4675,3.015321
4676,2.8565819999999995
4677,7.661167999999999
4678,6.952655
4679,2.894994
4680,1.561046
4681,9.914286
4682,70.92511
4683,1.2516349999999998
4684,8.234879000000001
4685,3.4378739999999994
4686,0.29262520000000003
4687,1.1799449999999996
4688,0.43811809999999995
4689,0.8600306999999999
4690,0.7093582000000002
4691,0.6658280999999999
4692,9.578637
4693,2.6259210000000004
4694,1.6519519999999996
4695,1.94562
4696,20.68293
4697,3.4976879999999992
4698,3.061571999999999
4699,12.84278
4700,22.79687
4701,1.7214879999999997
4702,7.523768
4703,1.79586
4704,4.103801000000001
4705,6.327152
4706,2.234569
4707,6.658438000000001
4708,2.0130280000000003
4709,5.686729999999999
4710,1.1620027999999998
4711,3.4554359999999997
4712,2.1316390000000003
4713,6.419919
4714,7.739596000000001
4715,2.9343640000000004
4716,12.930790000000002
4717,0.49207619999999996
4718,7.667936
4719,0.9110431999999999
4720,12.97638
4721,0.2012544
4722,6.211478
4723,1.5711469999999998
4724,2.5216130000000003
4725,1.3795549999999999
4726,0.24993799999999994
4727,0.6078476000000002
4728,5.40392
4729,0.49574290000000004
4730,1.461522
4731,2.144713
4732,76.61579999999998
4733,13.759861999999998
4734,11.562390000000002
4735,5.793882000000001
4736,10.553851
4737,11.565269999999998
4738,1.2455479999999999
4739,11.327119999999999
4740,6.352075
4741,3.3013259999999995
4742,2.59721
4743,45.917010000000005
4744,10.037049999999999
4745,0.6249561
4746,0.7512822000000001
4747,13.354130000000001
4748,3.0587050000000002
4749,10.670873
4750,0.9565669000000001
4751,28.03925
4752,1.496963
4753,10.929240000000002
4754,6.645602000000001
4755,5.3591619999999995
4756,0.12542620000000002
4757,2.0485789999999997
4758,2.8149110000000004
4759,0.42873419999999995
4760,5.854794000000001
4761,1.3058900000000002
4762,25.980289999999997
4763,0.35022269999999994
4764,1.805695
4765,0.5685231
4766,4.401861
4767,0.4245038
4768,3.2317629999999995
4769,1.969906
4770,1.7495170000000002
4771,1.1307310000000002
4772,0.9781701
4773,6.487513999999999
4774,0.36826909999999996
4775,66.47842999999999
4776,4.485920000000001
4777,2.9732869999999996
4778,1.396588
4779,14.696754000000002
4780,2.922087
4781,9.744562
4782,4.073646
4783,2.3551670000000002
4784,35.345240000000004
4785,0.25618939999999996
4786,1.266115
4787,1.9415050000000005
4788,3.7538070000000006
4789,2.367927
4790,1.798727
4791,0.3046885999999999
4792,0.2504748
4793,5.461469
4794,1.1099515999999998
4795,2.7865450000000003
4796,2.796675
4797,2.757587
4798,5.312664
4799,2.7283559999999993
4800,3.2748219999999995
4801,14.842070000000001
4802,1.7307819999999996
4803,5.914257000000001
4804,9.443479
4805,0.7578482
4806,2.584636
4807,0.7716999
4808,13.310849999999999
4809,1.6602790000000003
4810,0.8235274
4811,0.7253469
4812,20.90361
4813,9.476743999999998
4814,15.85627
4815,3.010831
4816,1.759733
4817,5.683567999999999
4818,5.5045839999999995
4819,9.314838
4820,2.3971929999999997
4821,1.637235
4822,0.3484873
4823,16.223570000000002
4824,4.573859000000001
4825,5.558057
4826,4.940454
4827,35.65263
4828,10.190635999999998
4829,3.7749570000000006
4830,8.165062999999998
4831,1.724044
4832,3.5656569999999994
4833,1.2212580000000002
4834,1.113382
4835,3.4107570000000003
4836,6.528936
4837,4.567894000000001
4838,1.4390329999999998
4839,2.519718
4840,0.7212105
4841,7.257900000000001
4842,3.1231809999999998
4843,0.210644
4844,2.505127
4845,5.750628000000001
4846,10.938329999999997
4847,3.1826269999999997
4848,0.8209358
4849,0.550892
4850,4.600551999999999
4851,2.7464199999999996
4852,3.80486
4853,3.166275
4854,0.5266556999999998
4855,3.032223
4856,9.540527999999998
4857,5.448981999999999
4858,4.051945
4859,27.28197
4860,4.7815439999999985
4861,0.8493634
4862,1.076377
4863,0.7845824999999998
4864,2.507006
4865,1.923398
4866,27.319200000000002
4867,24.67511
4868,1.1174779999999997
4869,2.872224
4870,2.426125
4871,7.523926999999999
4872,4.892231999999999
4873,2.4992119999999995
4874,2.532582
4875,26.05223
4876,5.894335
4877,10.125980000000002
4878,3.78138
4879,3.2637929999999997
4880,1.41201
4881,0.13601
4882,10.78583
4883,0.7205267
4884,19.91897
4885,8.890568000000002
4886,2.1225120000000004
4887,3.009829
4888,1.488084
4889,0.673894
4890,2.824933
4891,3.2681200000000006
4892,5.384131
4893,3.417781
4894,8.501887
4895,1.6983150000000002
4896,2.0894589999999997
4897,4.380591000000001
4898,4.421659
4899,0.9008948999999999
4900,12.032820000000001
4901,1.4828860000000001
4902,10.814960000000001
4903,3.82276
4904,0.3884046
4905,12.088000000000003
4906,19.192880000000002
4907,6.0983350000000005
4908,28.777229999999996
4909,3.2426980000000007
4910,5.470064000000001
4911,3.6980899999999997
4912,6.844749
4913,1.1271453999999999
4914,29.068129999999996
4915,1.9755250000000004
4916,0.3587521
4917,2.6458200000000005
4918,1.0468620000000002
4919,7.772634999999999
4920,15.681700000000003
4921,2.912714
4922,0.16804270000000002
4923,1.8335339999999998
4924,2.5649879999999996
4925,1.4423
4926,1.87484
4927,2.584163
4928,6.079967999999999
4929,4.444393
4930,7.971661000000002
4931,2.4575570000000004
4932,0.7042607000000001
4933,4.845195
4934,1.0114544
4935,5.107578000000001
4936,0.9789616000000001
4937,15.831660000000003
4938,0.5193638
4939,6.133813000000001
4940,1.039333
4941,11.2841
4942,13.374100000000002
4943,5.866677
4944,1.146887
4945,2.0870490000000004
4946,7.918838000000001
4947,10.143423000000002
4948,2.045417
4949,2.4767870000000003
4950,0.33188949999999995
4951,0.29294089999999995
4952,1.273151
4953,6.994656999999999
4954,9.692025999999997
4955,6.069121000000001
4956,0.7039669000000002
4957,22.25521
4958,5.764273
4959,6.380127
4960,2.269573
4961,19.695770000000003
4962,8.159372000000001
4963,29.47253
4964,3.6467509999999996
4965,1.845686
4966,20.50903
4967,0.4008735
4968,1.460627
4969,3.348059
4970,8.648256999999997
4971,0.5897243
4972,11.03987
4973,16.942519999999995
4974,0.9447882000000002
4975,0.5901247
4976,0.6281950000000001
4977,3.8059740000000004
4978,7.721407000000001
4979,1.6169009999999997
4980,4.495572
4981,0.9630881
4982,4.654325999999999
4983,0.4202483000000001
4984,5.118741
4985,3.0948720000000005
4986,8.540054000000001
4987,5.964605999999999
4988,0.6067913
4989,0.19823960000000002
4990,1.0286365999999998
4991,26.58791
4992,0.8027920999999999
4993,0.2075564
4994,1.9311779999999998
4995,0.5277565
4996,1.4631370000000001
4997,4.0068220000000005
4998,3.035692
4999,0.07529753000000002
